min_gap,reid_threshold,HOTA,DetA,AssA,IDF1,IDSW
5,0.15,0.0,0.0,0.0,0.0,0.0
5,0.2,0.0,0.0,0.0,0.0,0.0
5,0.25,0.0,0.0,0.0,0.0,0.0
5,0.3,0.0,0.0,0.0,0.0,0.0
5,0.35,0.0,0.0,0.0,0.0,0.0
5,0.4,0.0,0.0,0.0,0.0,0.0
5,0.5,0.0,0.0,0.0,0.0,0.0
10,0.15,0.0,0.0,0.0,0.0,0.0
10,0.2,0.0,0.0,0.0,0.0,0.0
10,0.25,0.0,0.0,0.0,0.0,0.0
10,0.3,0.0,0.0,0.0,0.0,0.0
10,0.35,0.0,0.0,0.0,0.0,0.0
10,0.4,0.0,0.0,0.0,0.0,0.0
10,0.5,0.0,0.0,0.0,0.0,0.0
15,0.15,0.0,0.0,0.0,0.0,0.0
15,0.2,0.0,0.0,0.0,0.0,0.0
15,0.25,0.0,0.0,0.0,0.0,0.0
15,0.3,0.0,0.0,0.0,0.0,0.0
15,0.35,0.0,0.0,0.0,0.0,0.0
15,0.4,0.0,0.0,0.0,0.0,0.0
15,0.5,0.0,0.0,0.0,0.0,0.0
20,0.15,0.0,0.0,0.0,0.0,0.0
20,0.2,0.0,0.0,0.0,0.0,0.0
20,0.25,0.0,0.0,0.0,0.0,0.0
20,0.3,0.0,0.0,0.0,0.0,0.0
20,0.35,0.0,0.0,0.0,0.0,0.0
20,0.4,0.0,0.0,0.0,0.0,0.0
20,0.5,0.0,0.0,0.0,0.0,0.0
30,0.15,0.0,0.0,0.0,0.0,0.0
30,0.2,0.0,0.0,0.0,0.0,0.0
30,0.25,0.0,0.0,0.0,0.0,0.0
30,0.3,0.0,0.0,0.0,0.0,0.0
30,0.35,0.0,0.0,0.0,0.0,0.0
30,0.4,0.0,0.0,0.0,0.0,0.0
30,0.5,0.0,0.0,0.0,0.0,0.0
