epoch,train_loss,train_auc,val_loss,val_auc,lr
1,0.5896224025817751,0.9246687249808521,0.5606910395428525,0.8076998761917641,0.0005
2,0.5676915170353594,0.9307740249164973,0.5656926848917259,0.8233602237105186,0.0005
3,0.5638425539708832,0.9327439802863041,0.5536757274341124,0.8208740313275713,0.0005
4,0.5585025783302715,0.9357820563756558,0.5554584691684101,0.8261938269312901,0.0005
5,0.552580582357726,0.9383585669279507,0.5478941979979436,0.8332107331922967,0.0005
6,0.5485433435555801,0.9389904406264179,0.5402775050909666,0.8412487899951027,0.0005
7,0.5401065911627511,0.9424718385233086,0.5253872670816826,0.8566826794149803,0.0005
8,0.5270585478509514,0.946840377156751,0.5249153835896954,0.8633775782558969,0.0005
9,0.5233986198323445,0.9481824161187828,0.52117550503548,0.8564510881066929,0.0005
10,0.5170079056643745,0.950815363871477,0.5193811345143893,0.8774770481075791,0.0005
11,0.5156758531783391,0.9507074812666424,0.5081767919783001,0.8748110501429085,0.0005
12,0.5026091456557941,0.9553200085309645,0.5229869821588103,0.8818203162782808,0.0005
13,0.4971046813049363,0.9568201324494533,0.531637756776127,0.8602069977438708,0.0005
14,0.48920867639114557,0.9609235963811356,0.5018063737783232,0.8900980103966829,0.0005
15,0.47949326631513617,0.9641818463882867,0.507701383802825,0.8841754327558163,0.0005
16,0.47367103777608827,0.9660711665601519,0.5505114201322254,0.87424104901981,0.0005
17,0.46490220964244267,0.967846924841461,0.516910574637956,0.8926019183209449,0.0005
18,0.4574132309231943,0.9694445508137746,0.5257207875847191,0.8762978185913289,0.0005
19,0.46036719588689434,0.9691792965698931,0.5071598590359312,0.8900419270994493,0.0005
20,0.4489788123704855,0.9731430088025018,0.5406045719703614,0.879639442415991,0.0005
21,0.44584496174622507,0.972249279920547,0.5312461845778976,0.8630625663258408,0.0005
22,0.4399117066805224,0.9734576008989432,0.5348524744023956,0.8694947880972955,0.0005
23,0.43536548421365545,0.9755093822658434,0.5276922172564626,0.8583374590011759,0.0005
24,0.42961079146242837,0.9767208886623309,0.5667086034711732,0.8737863660430032,0.0005
25,0.4247362125050096,0.9780430910538708,0.5378701485947559,0.8668167091839658,0.0005
26,0.42224664602754186,0.9777608234406465,0.5407697403320896,0.8582950801792983,0.00025
27,0.41329346756333285,0.9800272861846925,0.5707778438961161,0.871143551084554,0.00025
28,0.4046681588063541,0.9823748003445222,0.5682633706279394,0.853643986571715,0.00025
29,0.3981786721467393,0.9841180774968241,0.5644990456624184,0.8555873957791362,0.00025
30,0.39568750636236183,0.9836059434594135,0.5987668744525758,0.858677444591899,0.00025
31,0.3971798194264903,0.9826710313040236,0.5724785237372676,0.852058254620939,0.00025
32,0.3941163414528648,0.9837319333672515,0.5914279866604707,0.8511209544579752,0.00025
