feature,importance
pairwise_reid_cosine_sim,0.11418162
pairwise_team_match,0.10641672
pairwise_jersey_conflict,0.08391239
pairwise_team_conflict,0.07119492
pairwise_jersey_match,0.057418182
pairwise_jersey_both_confident,0.05054952
pairwise_spatial_distance,0.03556421
B_jersey_entropy_mean,0.020621771
B_jersey_conf_mean,0.019737057
A_duration,0.01795047
A_n_frames,0.01660286
A_jersey_coverage,0.016032634
pairwise_siglip_cosine_sim,0.015145034
pairwise_temporal_gap,0.014385415
A_start_frame,0.014324802
B_team_consistency,0.014256656
B_jersey_coverage,0.014212497
A_team_conf_mean,0.014095124
A_start_x,0.014046093
A_jersey_entropy_mean,0.01358164
pairwise_team_both_consistent,0.013269987
B_duration,0.012460086
pairwise_endpoint_dx,0.012350953
B_mean_bbox_height,0.012300199
B_end_y,0.012257306
B_start_y,0.011748369
pairwise_bbox_height_ratio,0.011659757
pairwise_endpoint_dy,0.011552305
B_start_frame,0.011379249
A_end_frame,0.011332083
B_end_x,0.010966391
A_mean_bbox_height,0.010852914
A_end_y,0.010834799
A_team_consistency,0.010668042
B_jersey_mode,0.01066386
B_team_mode,0.010655778
B_start_x,0.0105069615
A_jersey_mode,0.010269395
A_start_y,0.0100449985
A_end_x,0.009656202
A_team_mode,0.009203543
A_jersey_conf_mean,0.009200484
B_n_frames,0.008612505
B_team_conf_mean,0.008476834
B_end_frame,0.008106495
B_team_coverage,0.0067408606
A_team_coverage,0.0
