run_id,data_strategy,run_name,best_epoch,n_layers,d_model,dim_ff,dropout,frame_dropout,lr,weight_decay,val_auc,val_f1,val_ap,test_auc,test_f1,test_ap,timestamp
20260524_180307_real_synth_L4_d128_ff256_h4_do0.2_fdo0.15_lr0.0005_wd0.001_bs32_ls0.05_sd0.1,real_synth,real_synth_L4_d128_ff256_h4_do0.2_fdo0.15_lr0.0005_wd0.001_bs32_ls0.05_sd0.1,8,4,128,256,0.2,0.15,0.0005,0.001,0.8429,0.4080,0.3583,0.8520,0.3911,0.3386,20260524_180307
20260524_205240_simple_synth_L4_d128_ff256_h4_do0.2_fdo0.15_lr0.0005_wd0.001_bs32_ls0.05_sd0.1,simple_synth,simple_synth_L4_d128_ff256_h4_do0.2_fdo0.15_lr0.0005_wd0.001_bs32_ls0.05_sd0.1,10,4,128,256,0.2,0.15,0.0005,0.001,0.8777,0.5103,0.4708,0.8290,0.4150,0.3722,20260524_205240
20260525_014232_simple_synth_L4_d128_ff256_h4_do0.2_fdo0.15_lr0.0005_wd0.001_bs32_ls0.05_sd0.1,simple_synth,simple_synth_L4_d128_ff256_h4_do0.2_fdo0.15_lr0.0005_wd0.001_bs32_ls0.05_sd0.1,21,4,128,256,0.2,0.15,0.0005,0.001,0.8953,0.5285,0.5130,0.8531,0.4764,0.4197,20260525_014232
20260525_023315_xgb_matched_L4_d128_ff256_h4_do0.2_fdo0.15_lr0.0005_wd0.001_bs32_ls0.05_sd0.1,xgb_matched,xgb_matched_L4_d128_ff256_h4_do0.2_fdo0.15_lr0.0005_wd0.001_bs32_ls0.05_sd0.1,15,4,128,256,0.2,0.15,0.0005,0.001,0.8635,0.4486,0.4116,0.8451,0.4199,0.3522,20260525_023315
20260525_141112_simple_synth_L4_d128_ff256_h4_do0.2_fdo0.15_lr0.0005_wd0.001_bs32_ls0.05_sd0.1,simple_synth,simple_synth_L4_d128_ff256_h4_do0.2_fdo0.15_lr0.0005_wd0.001_bs32_ls0.05_sd0.1,14,4,128,256,0.2,0.15,0.0005,0.001,0.8843,0.5157,0.4996,0.8665,0.4618,0.4273,20260525_141112
20260525_184909_simple_synth_L4_d80_ff128_h4_do0.2_fdo0.15_lr0.0005_wd0.001_bs32_ls0.05_sd0.1,simple_synth,simple_synth_L4_d80_ff128_h4_do0.2_fdo0.15_lr0.0005_wd0.001_bs32_ls0.05_sd0.1,17,4,80,128,0.2,0.15,0.0005,0.001,0.8926,0.5232,0.5312,0.8749,0.4799,0.4680,20260525_184909
20260525_191515_xgb_matched_L4_d80_ff128_h4_do0.2_fdo0.15_lr0.0005_wd0.001_bs32_ls0.05_sd0.1,xgb_matched,xgb_matched_L4_d80_ff128_h4_do0.2_fdo0.15_lr0.0005_wd0.001_bs32_ls0.05_sd0.1,17,4,80,128,0.2,0.15,0.0005,0.001,0.8713,0.4601,0.4610,0.8429,0.4011,0.3678,20260525_191515
20260526_020545_xgb_matched_L4_d80_ff128_h4_do0.2_fdo0.15_lr0.0005_wd0.001_bs32_ls0.05_sd0.1,xgb_matched,xgb_matched_L4_d80_ff128_h4_do0.2_fdo0.15_lr0.0005_wd0.001_bs32_ls0.05_sd0.1,37,4,80,128,0.2,0.15,0.0005,0.001,0.8964,0.5043,0.5285,0.8712,0.4748,0.4909,20260526_020545
20260526_033128_simple_synth_L4_d80_ff128_h4_do0.2_fdo0.15_lr0.0005_wd0.001_bs32_ls0.05_sd0.1,simple_synth,simple_synth_L4_d80_ff128_h4_do0.2_fdo0.15_lr0.0005_wd0.001_bs32_ls0.05_sd0.1,64,4,80,128,0.2,0.15,0.0005,0.001,0.9042,0.5410,0.5525,0.8857,0.4969,0.4939,20260526_033128
20260527_204418_ablation_tiny_d32_ff64,simple_synth,ablation_tiny_d32_ff64,73,4,32,64,0.2,0.15,0.0005,0.001,0.8986,0.0000,0.5489,0.8846,0.4774,0.4795,20260527_204418
20260527_215401_ablation_small_d48_ff96,simple_synth,ablation_small_d48_ff96,40,4,48,96,0.2,0.15,0.0005,0.001,0.8981,0.0000,0.5391,0.8758,0.4954,0.4880,20260527_215401
20260527_232306_ablation_base_d80_ff128,simple_synth,ablation_base_d80_ff128,43,4,80,128,0.2,0.15,0.0005,0.001,0.8996,0.0000,0.5459,0.8837,0.4987,0.5044,20260527_232306
20260528_011912_ablation_medium_d128_ff256,simple_synth,ablation_medium_d128_ff256,44,4,128,256,0.2,0.15,0.0005,0.001,0.8956,0.0000,0.5277,0.8722,0.4701,0.4658,20260528_011912
20260528_034553_ablation_large_d192_ff384,simple_synth,ablation_large_d192_ff384,79,4,192,384,0.2,0.15,0.0005,0.001,0.9071,0.0000,0.5587,0.8911,0.5197,0.5229,20260528_034553
20260528_050954_ablation_xlarge_d256_ff512,simple_synth,ablation_xlarge_d256_ff512,42,4,256,512,0.2,0.15,0.0005,0.001,0.9009,0.0000,0.5447,0.8754,0.4946,0.4710,20260528_050954
20260528_132854_ablation_large_d192_ff384,simple_synth,ablation_large_d192_ff384,27,4,192,384,0.2,0.15,0.0005,0.001,0.8897,0.0000,0.5335,0.8633,0.4658,0.4725,20260528_132854
20260528_153913_ablation_base_d80_ff128,simple_synth,ablation_base_d80_ff128,44,4,80,128,0.2,0.15,0.0005,0.001,0.8985,0.0000,0.5306,0.8728,0.4872,0.4713,20260528_153913
20260528_185443_ablation_base_d80_ff128,simple_synth,ablation_base_d80_ff128,60,4,80,128,0.2,0.15,0.0005,0.001,0.9008,0.0000,0.5396,0.8869,0.4806,0.4822,20260528_185443
