config_name,HOTA,DetA,AssA,IDF1,MOTA,merge_threshold,split,timestamp
neg5_minlen0_purity0.6_splitTrue,90.49,94.053,87.076,94.337,99.444,0.7,valid,2026-05-23 23:00:25
neg5_minlen0_purity0.8_splitTrue,90.516,94.052,87.128,94.351,99.445,0.7,valid,2026-05-23 23:02:33
negNone_minlen0_purity0.6_splitFalse,90.187,94.06,86.489,93.568,99.442,0.7,valid,2026-05-23 23:04:43
negNone_minlen0_purity0.8_splitTrue,90.313,94.066,86.726,93.798,99.442,0.7,valid,2026-05-23 23:06:51
neg10_minlen0_purity0.6_splitTrue,90.42,94.054,86.942,94.007,99.443,0.7,valid,2026-05-23 23:09:01
negNone_minlen0_purity0.6_splitTrue,90.205,94.066,86.518,93.562,99.439,0.7,valid,2026-05-23 23:11:10
neg3_minlen0_purity0.8_splitTrue,90.849,94.057,87.765,94.902,99.447,0.7,valid,2026-05-23 23:13:19
neg3_minlen0_purity0.6_splitTrue,90.725,94.055,87.527,94.771,99.446,0.7,valid,2026-05-23 23:15:30
neg10_minlen0_purity0.8_splitTrue,90.307,94.065,86.716,93.804,99.443,0.7,valid,2026-05-23 23:17:45
neg5_minlen0_purity0.8_splitFalse,90.466,94.052,87.032,94.177,99.444,0.7,valid,2026-05-23 23:19:54
neg3_minlen0_purity0.6_splitFalse,90.589,94.052,87.269,94.509,99.446,0.7,valid,2026-05-23 23:22:03
neg5_minlen0_purity0.6_splitFalse,90.803,94.06,87.674,94.732,99.446,0.7,valid,2026-05-23 23:24:10
negNone_minlen0_purity0.8_splitFalse,90.025,94.057,86.183,93.4,99.442,0.7,valid,2026-05-23 23:26:18
neg10_minlen0_purity0.8_splitFalse,90.389,94.049,86.887,94.004,99.442,0.7,valid,2026-05-23 23:28:24
negNone_minlen5_purity0.6_splitTrue,90.163,94.078,86.426,93.562,99.432,0.7,valid,2026-05-23 23:30:32
neg5_minlen5_purity0.8_splitTrue,90.284,94.068,86.668,93.836,99.437,0.7,valid,2026-05-23 23:32:40
neg5_minlen5_purity0.6_splitTrue,90.49,94.073,87.059,94.236,99.439,0.7,valid,2026-05-23 23:34:47
neg10_minlen5_purity0.6_splitTrue,90.27,94.074,86.635,93.719,99.435,0.7,valid,2026-05-23 23:36:51
neg3_minlen5_purity0.6_splitTrue,90.535,94.055,87.162,94.418,99.442,0.7,valid,2026-05-23 23:38:52
neg10_minlen5_purity0.8_splitTrue,90.308,94.078,86.706,93.789,99.433,0.7,valid,2026-05-23 23:40:54
negNone_minlen5_purity0.8_splitTrue,90.417,94.075,86.918,93.961,99.435,0.7,valid,2026-05-23 23:42:56
neg3_minlen0_purity1.0_splitTrue,89.92,94.059,85.98,93.634,99.443,0.7,valid,2026-05-23 23:45:10
neg5_minlen0_purity1.0_splitTrue,90.22,94.06,86.553,93.771,99.443,0.7,valid,2026-05-23 23:47:21
neg3_minlen5_purity0.8_splitTrue,90.324,94.06,86.753,94.158,99.442,0.7,valid,2026-05-23 23:49:29
neg3_minlen0_purity0.8_splitFalse,88.69,94.051,83.652,92.097,99.446,0.7,valid,2026-05-23 23:51:42
neg10_minlen0_purity0.6_splitFalse,89.33,94.054,84.86,93.012,99.449,0.7,valid,2026-05-24 03:09:16
neg10_minlen0_purity1.0_splitFalse,89.696,94.071,85.542,92.895,99.437,0.7,valid,2026-05-24 03:11:10
neg10_minlen0_purity1.0_splitTrue,89.644,94.063,85.449,92.781,99.437,0.7,valid,2026-05-24 03:13:04
neg10_minlen10_purity0.6_splitFalse,90.027,94.075,86.169,93.289,99.416,0.7,valid,2026-05-24 03:14:57
neg10_minlen10_purity0.6_splitTrue,90.235,94.079,86.563,93.603,99.421,0.7,valid,2026-05-24 03:16:52
neg10_minlen10_purity0.8_splitFalse,89.925,94.078,85.972,93.108,99.42,0.7,valid,2026-05-24 03:18:45
neg10_minlen10_purity0.8_splitTrue,90.139,94.075,86.383,93.476,99.416,0.7,valid,2026-05-24 03:20:39
neg10_minlen10_purity1.0_splitFalse,89.042,94.073,84.298,91.718,99.412,0.7,valid,2026-05-24 03:22:31
neg10_minlen10_purity1.0_splitTrue,89.836,94.054,85.823,93.479,99.438,0.7,valid,2026-05-24 03:24:22
neg10_minlen5_purity0.6_splitFalse,90.109,94.079,86.322,93.424,99.423,0.7,valid,2026-05-24 03:26:15
neg10_minlen5_purity0.8_splitFalse,89.971,94.076,86.062,93.28,99.426,0.7,valid,2026-05-24 03:28:08
neg10_minlen5_purity1.0_splitFalse,89.087,94.073,84.384,91.829,99.417,0.7,valid,2026-05-24 03:30:00
neg10_minlen5_purity1.0_splitTrue,89.673,94.082,85.488,92.763,99.431,0.7,valid,2026-05-24 03:31:53
neg3_minlen0_purity1.0_splitFalse,90.159,94.062,86.433,93.912,99.447,0.7,valid,2026-05-24 03:33:44
neg3_minlen10_purity0.6_splitFalse,90.471,94.064,87.03,94.24,99.428,0.7,valid,2026-05-24 03:35:36
neg3_minlen10_purity0.6_splitTrue,90.437,94.058,86.969,94.27,99.43,0.7,valid,2026-05-24 03:37:28
neg3_minlen10_purity0.8_splitFalse,89.938,94.063,86.009,93.726,99.436,0.7,valid,2026-05-24 03:39:18
neg3_minlen10_purity0.8_splitTrue,90.501,94.075,87.078,94.29,99.429,0.7,valid,2026-05-24 03:41:10
neg3_minlen10_purity1.0_splitFalse,89.592,94.07,85.343,92.809,99.419,0.7,valid,2026-05-24 03:43:01
neg3_minlen10_purity1.0_splitTrue,89.748,94.079,85.634,93.047,99.426,0.7,valid,2026-05-24 03:44:53
neg3_minlen5_purity0.6_splitFalse,90.652,94.078,87.366,94.481,99.435,0.7,valid,2026-05-24 03:46:45
neg3_minlen5_purity0.8_splitFalse,90.184,94.061,86.483,94.05,99.435,0.7,valid,2026-05-24 03:48:36
neg3_minlen5_purity1.0_splitFalse,89.183,94.072,84.566,92.303,99.424,0.7,valid,2026-05-24 03:50:27
neg3_minlen5_purity1.0_splitTrue,90.112,94.061,86.345,93.878,99.444,0.7,valid,2026-05-24 03:52:18
neg5_minlen0_purity1.0_splitFalse,89.767,94.06,85.686,93.237,99.442,0.7,valid,2026-05-24 03:54:10
neg5_minlen10_purity0.6_splitFalse,90.353,94.079,86.79,93.898,99.425,0.7,valid,2026-05-24 03:56:02
neg5_minlen10_purity0.6_splitTrue,90.443,94.058,86.982,94.351,99.437,0.7,valid,2026-05-24 03:57:53
neg5_minlen10_purity0.8_splitFalse,88.784,94.045,83.835,92.181,99.439,0.7,valid,2026-05-24 03:59:43
neg5_minlen10_purity0.8_splitTrue,90.406,94.059,86.91,94.078,99.425,0.7,valid,2026-05-24 04:01:36
neg5_minlen10_purity1.0_splitFalse,89.323,94.073,84.831,92.278,99.414,0.7,valid,2026-05-24 04:03:28
neg5_minlen10_purity1.0_splitTrue,89.755,94.082,85.643,92.979,99.423,0.7,valid,2026-05-24 04:05:20
neg5_minlen5_purity0.6_splitFalse,90.531,94.077,87.133,94.178,99.43,0.7,valid,2026-05-24 04:07:12
neg5_minlen5_purity0.8_splitFalse,88.985,94.037,84.22,92.391,99.439,0.7,valid,2026-05-24 04:09:02
neg5_minlen5_purity1.0_splitFalse,89.401,94.071,84.981,92.466,99.42,0.7,valid,2026-05-24 04:10:54
neg5_minlen5_purity1.0_splitTrue,89.907,94.082,85.935,93.256,99.436,0.7,valid,2026-05-24 04:12:46
negNone_minlen0_purity1.0_splitFalse,88.549,94.072,83.372,90.903,99.429,0.7,valid,2026-05-24 04:14:39
negNone_minlen0_purity1.0_splitTrue,88.844,94.078,83.921,91.242,99.428,0.7,valid,2026-05-24 04:16:34
negNone_minlen10_purity0.6_splitFalse,89.971,94.076,86.061,93.102,99.416,0.7,valid,2026-05-24 04:18:27
negNone_minlen10_purity0.6_splitTrue,90.168,94.079,86.436,93.478,99.42,0.7,valid,2026-05-24 04:20:21
negNone_minlen10_purity0.8_splitFalse,89.582,94.08,85.316,92.523,99.412,0.7,valid,2026-05-24 04:22:14
negNone_minlen10_purity0.8_splitTrue,90.096,94.075,86.301,93.367,99.416,0.7,valid,2026-05-24 04:24:08
negNone_minlen10_purity1.0_splitFalse,89.115,94.077,84.433,91.85,99.412,0.7,valid,2026-05-24 04:25:59
negNone_minlen10_purity1.0_splitTrue,88.824,94.077,83.884,91.189,99.408,0.7,valid,2026-05-24 04:27:52
negNone_minlen5_purity0.6_splitFalse,90.038,94.075,86.19,93.225,99.421,0.7,valid,2026-05-24 04:29:46
negNone_minlen5_purity0.8_splitFalse,89.929,94.073,85.983,93.062,99.422,0.7,valid,2026-05-24 04:31:39
negNone_minlen5_purity1.0_splitFalse,88.566,94.07,83.404,90.91,99.408,0.7,valid,2026-05-24 04:33:32
negNone_minlen5_purity1.0_splitTrue,89.09,94.077,84.387,91.704,99.424,0.7,valid,2026-05-24 04:35:25
