round,train_auc,val_auc,train_logloss,val_logloss
0,0.9168725517130084,0.8536334608911972,0.6661031516381386,0.6698342950385192
1,0.9509463667853307,0.8902836638573599,0.6377725472427558,0.6441016885329938
2,0.9586502458132972,0.8996099105802802,0.6120209017327224,0.621094164745561
3,0.9626044874615046,0.8976603061894356,0.5869309946714588,0.6001260139613316
4,0.9638652532001837,0.8988759121258062,0.5641336744083061,0.5806371327926373
5,0.9644757039635593,0.9000818269229959,0.5430293967002742,0.5620730333800974
6,0.9662465394982297,0.9039565971797943,0.5244186033219568,0.5467157826958031
7,0.9663339525894448,0.9038870737900191,0.5057640638664851,0.53128689313757
8,0.9684654871983047,0.904666578463255,0.4879632546150043,0.517396810085609
9,0.9688064943123855,0.9047883497338307,0.47289033080797327,0.5049533547512416
10,0.9691335729668772,0.9057355532502817,0.4589821516441714,0.4930866238474846
11,0.971197386444631,0.9068900628744256,0.4437132323565216,0.480911821764091
12,0.9709063296683874,0.9057823235306758,0.43310981322146735,0.4720004372966701
13,0.9720465421878632,0.9054966456017818,0.42099810299180185,0.46231522328894714
14,0.9720460618961533,0.9066482057487838,0.41059686534354994,0.45365702651698014
15,0.9724855288107785,0.9065757328818667,0.4007438459770883,0.44603060516817816
16,0.9740575235775201,0.907868446577806,0.3889827670380118,0.43627667469197307
17,0.9746492429642067,0.9077854398639532,0.37852624449940314,0.42743594962975073
18,0.9756122278427025,0.9078199908819021,0.3677707549821584,0.42002383816344985
19,0.9762558187340663,0.9086559569747129,0.3595539619037844,0.41383354227604535
20,0.9768211220767045,0.9093174825622697,0.35196381445028807,0.4082379797923154
21,0.9774579888841287,0.9099583618098329,0.3432339732243612,0.40168222930410813
22,0.9775223479732651,0.9101947413350682,0.33647377377615356,0.396690063019251
23,0.977932517093582,0.9106249436439189,0.3294185164024087,0.3920306596827918
24,0.9784272175548541,0.9107597768846948,0.3230203149389409,0.3865716267762513
25,0.9786097284046439,0.9113757962534899,0.31678347485989106,0.38131305608769944
26,0.9788325837580713,0.9121055811691896,0.31125798995505316,0.3775409237372464
27,0.9795563833650006,0.9134964703185688,0.30402370415428803,0.3723053877261178
28,0.9800573276185024,0.9136776524858615,0.29739065755312805,0.36693590220192385
29,0.980473260239339,0.9130944987195055,0.29141695912025734,0.36293153974002806
30,0.9808613359409971,0.913027503452995,0.28536105070008067,0.3591842498733052
31,0.9811187722975426,0.9131973090655973,0.2804524026339153,0.35523301533070106
32,0.9816153939256547,0.9134956276108139,0.2748450674321223,0.3516747256573932
33,0.9819400711215964,0.9130902851807313,0.2693483198940732,0.3480502987139184
34,0.982320462155895,0.9130970268427702,0.2648544538123666,0.3451699579635571
35,0.9827949903653483,0.913646472298932,0.260643035080659,0.342136283642773
36,0.983281045575841,0.9143155822562826,0.2563644579258082,0.3396861702255134
37,0.9837382832837352,0.9145582820896793,0.25147872672156074,0.3361617516829022
38,0.9839159912164253,0.9148372183565345,0.24747197739766308,0.33360988905974504
39,0.9842416289957869,0.915002389076485,0.24355394201689437,0.3312661580869864
40,0.9843069486683432,0.9158922884656061,0.2406427606951182,0.3291802510131022
41,0.9846825367855421,0.9157970624893081,0.23695996341628717,0.32727844644466353
42,0.9850581249027409,0.9160262789986272,0.2333679155172751,0.3248582178367109
43,0.9853799203484228,0.9161000159271766,0.22940374257712082,0.3224075083396044
44,0.9856767406251861,0.9164547958919682,0.22673676576273033,0.32095522536928284
45,0.9858967142283538,0.916321648066702,0.22385615959807179,0.31982523018815395
46,0.9860100630719073,0.9162862543409983,0.22129293954179252,0.3186856380387627
47,0.9861474265009597,0.916753114437185,0.21948579974889929,0.3176737213931207
48,0.9863481884357284,0.9171997495472552,0.2169096373479932,0.3156907760441817
49,0.9865345416191978,0.9172806494917208,0.2141975481233637,0.3142231020010237
50,0.986764121056565,0.9176792502597647,0.21179465463651662,0.31221034659265445
51,0.986939907822415,0.917968299019678,0.20984362936890724,0.31125354102587904
52,0.9871829354276613,0.9183036967061082,0.2076631884971454,0.3097999409277891
53,0.987365446277451,0.9180963905984152,0.20484293466525957,0.3087642066964302
54,0.9874499776184064,0.9183938664358771,0.20317035626193097,0.3079159537381653
55,0.987686281139713,0.9185860038039828,0.20037467348795482,0.3062914257470904
56,0.9878486197376839,0.9185371267542015,0.19873095476261232,0.3057624394009853
57,0.9882069173533237,0.918388810189348,0.197064098600927,0.3055367707217048
58,0.9885306339658455,0.9186053860823443,0.19463786401716685,0.30440619392256285
59,0.9885469638839846,0.918786568249637,0.19384471891316268,0.3041321679435927
60,0.9888543505783672,0.9190098858046721,0.19235839384820425,0.30345688410488697
61,0.9890042015918789,0.9191438763376932,0.19027005006494058,0.3022986461588278
62,0.9892001606095479,0.9194000594951675,0.18871373108529163,0.3010598243939979
63,0.9894720057173925,0.9193149460119276,0.1866351040533745,0.3003181914259391
64,0.9896449107329828,0.9195163531653368,0.1852629741688584,0.29947403887607926
65,0.9898485544180113,0.9197531540444495,0.1830430409694735,0.2980662069456845
66,0.9900003265983628,0.9199166393488902,0.1814786036506006,0.2969565350632986
67,0.9901463352781945,0.9200742256990472,0.18009381405381722,0.2963401286625143
68,0.990495027059635,0.9202031599855391,0.1780227000389626,0.29544998700826847
69,0.9906640897415454,0.920193047492481,0.17646525466438834,0.2948097465897043
70,0.9908187436721567,0.9203910838148706,0.1749753242717317,0.2940291091404727
71,0.9909397771830699,0.9199882695080525,0.17335745136119515,0.29389400054797016
72,0.9912471638774526,0.92033883593407,0.17154154458762863,0.29299036116467725
73,0.991435438227762,0.9205200181013625,0.16965309242403842,0.2919936757952232
74,0.9916957563345674,0.9206194576164348,0.16772311070510393,0.2912557492957547
75,0.991914769354315,0.9202967005463274,0.16541775643412215,0.2907679537378637
76,0.991915729937735,0.9203337796875408,0.1644288127309551,0.2904498863823969
77,0.9919954583615905,0.9201896766614616,0.16315904994031769,0.29028527111200425
78,0.9921136101222439,0.9203683307054896,0.16202310673245926,0.2899957665091316
79,0.9921529940424616,0.9205545691193114,0.16098147707079757,0.2893056006164386
80,0.992163560460081,0.920551198288292,0.16023484500945542,0.2891731009192379
81,0.9923124508901726,0.9204096233854773,0.15890098441936448,0.2886831068507685
82,0.9924671048207839,0.9202629922361335,0.1571872986894727,0.28868701382893425
83,0.9926486550871537,0.9202511943275655,0.1558938981151513,0.28830541630243434
84,0.9927331864281089,0.920271419313682,0.15470229630013746,0.28822147863210534
85,0.9929272242789381,0.9203320942720311,0.1532677021805171,0.2879395775641475
86,0.9931683307173444,0.9204323764948582,0.1517001325963662,0.2874746559913559
87,0.9935256677495644,0.9207660887657787,0.14977578747337558,0.2864098176904472
88,0.9936841640138555,0.920890388159619,0.14842736735020592,0.285998963256495
89,0.9939262310356818,0.920875640773909,0.14697089402161262,0.28537075076701823
90,0.9940933725507525,0.9208073814457662,0.14590647803545845,0.28528498458162205
91,0.9942009578937864,0.9208267637241279,0.144960714147758,0.2851619173933206
92,0.9943825081601562,0.9207264815013008,0.14346641024229526,0.2848757471153834
93,0.9944161285798543,0.9209219897004258,0.14249855767681796,0.28464479609248067
94,0.9945871124286046,0.9210264854620271,0.14103596787613276,0.2842546008339409
95,0.9947369634421162,0.9210424969093693,0.1402428948890973,0.284185166130292
96,0.9947677021115545,0.9211781728579,0.1395538231463307,0.2839134287305883
97,0.9947792291125939,0.9213812654268189,0.13908276595847074,0.2836923761081336
98,0.9948839327053679,0.9213374446235667,0.1382516960946605,0.2835826274765463
99,0.9950040056328612,0.9213846362578383,0.13700218045168752,0.28328154044675413
100,0.9950914187240762,0.9214057039517095,0.135983814194482,0.28329591140841487
101,0.9951423296453333,0.9215076715900463,0.13514345770883188,0.28304621321117057
102,0.9952672054899263,0.9214941882659686,0.13408224267819613,0.2827266733133202
103,0.9953354069127425,0.9213551414864185,0.13321807404863434,0.2827467248110293
104,0.9953661455821808,0.9214705924488329,0.13264589029231633,0.28270780930488276
105,0.9955774739345689,0.921363568563967,0.13153228436500183,0.28252258589796336
106,0.9956764140268234,0.9214604799557747,0.13081904207242032,0.28236935527995227
107,0.9957984081211565,0.921268342587669,0.12959333525541578,0.28243482604783415
108,0.9958925452963112,0.9215236830373884,0.1285133710148441,0.281840345025191
109,0.9959530620517678,0.9215464361467693,0.1277138743074205,0.281693410492454
110,0.9960203028911639,0.9216155381826671,0.12709427801060075,0.28151696076865534
111,0.9960433568932426,0.921649246492861,0.12667416709811805,0.2815925453417806
112,0.9961682327378356,0.9220208806127497,0.12555689874034565,0.28090067625166204
113,0.9963488224207855,0.9222644231539012,0.12436124764083424,0.2805725198394844
114,0.996358428254985,0.9221675117620934,0.12375988155074488,0.2803931306209415
115,0.9964064574259822,0.9220604878772276,0.12315934598682901,0.2803285746037928
116,0.9964746588487984,0.9220975670184409,0.12257235976725855,0.2799923357316935
117,0.9965370967710949,0.92207481390906,0.12214460656546801,0.2802843970463386
118,0.996660051448848,0.9221548711457708,0.12124409457231818,0.28034522911750487
119,0.9967196076208846,0.9223124574959276,0.1205857650009238,0.2801000570337256
120,0.9967906907939607,0.9224102115954902,0.11998753969220656,0.27994634410197816
121,0.9968444834654776,0.9225315615121885,0.11923331627178922,0.2795143647969636
122,0.9969357388903725,0.9225408312974919,0.11836726385791432,0.279717341348015
123,0.9970058614800285,0.9224321219971162,0.11766618782898575,0.27951298622141496
124,0.9970875110707239,0.9223840876550898,0.11683132560004308,0.27932218604986075
125,0.9971326584914614,0.9224742573848588,0.1162374505849234,0.27919379776833453
126,0.9972085445816371,0.9226933614011196,0.11553928418572977,0.2787434898372258
127,0.9972546525857945,0.9226436416435835,0.11521915342581687,0.27892952268389215
128,0.9973353415930699,0.9225551573293242,0.11469474070789364,0.2787061548080488
129,0.9973948977651066,0.9228062842402694,0.11375461319976063,0.2779304581972899
130,0.9975053648584004,0.922623416657467,0.11261850441333707,0.278075965008586
131,0.997495759024201,0.9226470124746029,0.11200564535986393,0.2780735959688298
132,0.9976638611226915,0.9225425167130016,0.11089415545686152,0.27820718378599346
133,0.9977186143776284,0.9223857730705995,0.11000955862264926,0.27820335062056106
134,0.9977512742139065,0.9224388636591551,0.10927292357936517,0.2778244463840885
135,0.9978521354730009,0.922461616768536,0.10819967531083143,0.27740256880064784
136,0.9978713471413998,0.9225753823154407,0.10796198236560964,0.2774844877483275
137,0.997885755892699,0.9223015022951145,0.10730185029230752,0.27789392809371527
138,0.9979405091476359,0.9223621772534637,0.10690304646154246,0.2777952327380551
139,0.9980067894036122,0.9223621772534637,0.1062188946224404,0.27755055025886294
140,0.9980577003248693,0.9221312753286349,0.10559538828441958,0.27766748054298285
141,0.9981383893321448,0.9221354888674093,0.10465888863795852,0.27770273090978476
142,0.9981720097518428,0.9221439159449577,0.10366093732675975,0.27754877123259136
143,0.9982671075104175,0.9220849264021183,0.10289102943679089,0.2774155354291875
144,0.9982555805093781,0.9221818377939259,0.10257741740124839,0.2772756495115604
145,0.998294964429596,0.9222585241996173,0.10206735578664186,0.2770678302761296
146,0.9983209001819345,0.9221262190821059,0.10168778262181594,0.27717965023917274
147,0.9983670081860919,0.9222273440126878,0.10097695900465241,0.27681399675182483
148,0.9984313672752283,0.9220326785213175,0.10041766615640078,0.2770320744034513
149,0.9984803570296455,0.9221093649270089,0.09994689415074122,0.277151080752474
150,0.9985264650338029,0.9222736929392046,0.09937826834019023,0.27686215498396355
151,0.9986081146244984,0.9220309931058078,0.09874742724254103,0.2770704449280486
152,0.9986282868763172,0.9219939139645945,0.09820876660572958,0.2770900092741619
153,0.9986647890462751,0.922036049352337,0.09768921082548822,0.2769034216581876
154,0.9987147393841124,0.9221632982233192,0.09706177097184775,0.2767265237639016
155,0.9987185817177922,0.9222222877661587,0.09675524427761989,0.27662904596429894
156,0.9987579656380099,0.922248411706559,0.09632202869223881,0.2765090709397216
157,0.9987771773064088,0.9222138606886102,0.0956922213315721,0.2763967110961676
158,0.9988232853105662,0.9222088044420811,0.0946742796815839,0.2763646359761157
159,0.9988319305613458,0.9222079617343263,0.09438631399297634,0.27620828216219045
160,0.9988886049831226,0.9222559960763527,0.09343111501596234,0.27596838981073735
161,0.9989558458225187,0.9222644231539012,0.09284636588048985,0.27591031075118044
162,0.9989731363240778,0.9221329607441446,0.09267808969906885,0.2761863355042718
163,0.9989683334069781,0.9223057158338889,0.0924783838260305,0.2761152086691963
164,0.9990115596608756,0.9223739751620317,0.09192783536505587,0.27595885073537296
165,0.9990355742463742,0.9222635804461463,0.09147019481054684,0.27593278445116776
166,0.9990864851676314,0.9223065585416437,0.09040209231761781,0.275503931003422
167,0.9990912880847311,0.9223259408200052,0.09002194271761554,0.27553100203254244
168,0.9991527654236076,0.9222913898020564,0.08921228771270855,0.27527683869447833
169,0.9991402778391484,0.9223301543587794,0.08901906419254352,0.2753098762044603
170,0.999182543509626,0.9222197596428942,0.08822482774050852,0.2749033956219651
171,0.9991931099272454,0.922231557551462,0.0877843128592891,0.2747891826733971
172,0.9991969522609252,0.9223411095595925,0.08729277219320161,0.27456923276499107
173,0.9992209668464238,0.9223267835277601,0.0868888895144309,0.27442727221539326
174,0.999235375597723,0.9224093688877353,0.08658965546873076,0.27433870061116034
175,0.9992517055158621,0.9223234126967407,0.08621642681430201,0.27441381575712326
176,0.9992641931003214,0.9222467262910493,0.08535163200185683,0.2741763199166724
177,0.9993083799376389,0.9223908293171287,0.0848480237844872,0.27381440816625774
178,0.9993410397739171,0.9222020627800424,0.08428672032088215,0.2742913827973876
179,0.9993650543594157,0.922192792994739,0.08382883246060742,0.2743428520872338
180,0.9993669755262556,0.9222222877661587,0.0831990457806047,0.2744031627307614
181,0.9993813842775549,0.9220933534796667,0.08296337343625951,0.2745517692632636
182,0.9993929112785942,0.9220706003702858,0.08287073487196549,0.2748774536855013
183,0.9993909901117543,0.921923969220942,0.08253570104814388,0.27490009485330463
184,0.9994044382796335,0.922091668064157,0.0819160099843074,0.27464088831584627
185,0.999431334615392,0.9219509358690972,0.08134139266409184,0.27497878590329744
186,0.9994620732848303,0.9218544458311668,0.08097345125671775,0.27518600257978665
187,0.9994889696205888,0.9216652579402032,0.08045782808803366,0.2754443309454705
188,0.9995149053729273,0.9216905391728486,0.08005382971295812,0.27524158777335883
189,0.9995120236226674,0.9217158204054942,0.07946132539575156,0.2751864722295231
190,0.999539880541846,0.9214705924488329,0.07892897540437166,0.2753754087041959
191,0.9995350776247461,0.9215413799002402,0.07831362735943259,0.27511525359922007
192,0.9995475652092055,0.9214621653712844,0.07787748153157927,0.27529126302995477
193,0.999556210459985,0.9214031758284449,0.07770609384625915,0.27552086183731045
194,0.999573500961544,0.9213964341664062,0.07725436293995926,0.2756073267416073
195,0.999591752046523,0.921212723875849,0.07678948572548826,0.27596460610254797
196,0.9996080819646621,0.9210180583844787,0.07637274208381781,0.2764165880085985
197,0.9995994367138825,0.9210020469371365,0.07625118646990588,0.27643556281755644
198,0.9996224907159612,0.9209691813346974,0.07572922760778264,0.2762658939536677
199,0.9996167272154416,0.9209645464420457,0.07544939205021396,0.27622097640536153
200,0.9996234512993812,0.9210462890942661,0.07519694995867833,0.27632770714501587
201,0.9996359388838405,0.9210441823248791,0.0749349790135358,0.2764716581301764
202,0.9996484264682998,0.9210517666946727,0.07468749798890337,0.2767053078772633
203,0.9996561111356593,0.9209674959191877,0.07438735578403799,0.2768727235014727
204,0.9996589928859192,0.9209497990563359,0.07388934302237106,0.27704719047486615
205,0.9996637958030189,0.9210087885991753,0.07376201139504335,0.2771371389186042
206,0.999679165137738,0.9209573834261295,0.07325585446755614,0.2775062143024266
207,0.9996820468879979,0.9208638428653412,0.0729728256323174,0.2777240351707462
