config_name,merge_threshold,linkage_method,HOTA,DetA,AssA,IDF1,MOTA,split,timestamp
neg3_minlen0_purity0.6_splitTrue,0.3,average,89.781,94.063,85.711,92.932,99.43,valid,2026-05-20 02:22:04
neg3_minlen0_purity0.6_splitTrue,0.35,average,90.002,94.058,86.137,93.342,99.434,valid,2026-05-20 02:25:43
neg3_minlen0_purity0.6_splitTrue,0.4,average,90.206,94.058,86.528,93.69,99.438,valid,2026-05-20 02:29:20
neg3_minlen0_purity0.6_splitTrue,0.45,average,90.292,94.055,86.696,93.885,99.441,valid,2026-05-20 02:32:58
neg3_minlen0_purity0.6_splitTrue,0.5,average,90.367,94.054,86.839,94.066,99.442,valid,2026-05-20 02:36:35
neg3_minlen0_purity0.6_splitTrue,0.55,average,90.452,94.054,87.003,94.265,99.443,valid,2026-05-20 02:40:12
neg3_minlen0_purity0.6_splitTrue,0.6,average,90.521,94.05,87.14,94.452,99.444,valid,2026-05-20 02:43:49
neg3_minlen0_purity0.6_splitTrue,0.65,average,90.742,94.049,87.567,94.804,99.446,valid,2026-05-20 02:47:27
neg3_minlen0_purity0.6_splitTrue,0.7,average,90.746,94.048,87.575,94.861,99.446,valid,2026-05-20 02:51:04
neg3_minlen0_purity0.6_splitTrue,0.75,average,90.738,94.048,87.56,94.893,99.447,valid,2026-05-20 02:54:41
neg3_minlen0_purity0.6_splitTrue,0.8,average,90.718,94.048,87.519,94.9,99.447,valid,2026-05-20 02:58:18
neg3_minlen0_purity0.6_splitTrue,0.3,single,85.714,94.042,78.152,86.462,99.388,valid,2026-05-20 03:01:56
neg3_minlen0_purity0.6_splitTrue,0.35,single,85.43,94.045,77.635,86.008,99.386,valid,2026-05-20 03:05:33
neg3_minlen0_purity0.6_splitTrue,0.4,single,85.039,94.046,76.925,85.356,99.38,valid,2026-05-20 03:09:10
neg3_minlen0_purity0.6_splitTrue,0.45,single,84.634,94.059,76.184,84.64,99.376,valid,2026-05-20 03:12:48
neg3_minlen0_purity0.6_splitTrue,0.5,single,84.399,94.056,75.766,84.259,99.373,valid,2026-05-20 03:16:25
neg3_minlen0_purity0.6_splitTrue,0.55,single,84.006,94.06,75.06,83.675,99.37,valid,2026-05-20 03:20:03
neg3_minlen0_purity0.6_splitTrue,0.6,single,83.782,94.066,74.657,83.37,99.367,valid,2026-05-20 03:23:39
neg3_minlen0_purity0.6_splitTrue,0.65,single,83.628,94.08,74.372,83.105,99.364,valid,2026-05-20 03:27:16
neg3_minlen0_purity0.6_splitTrue,0.7,single,83.259,94.08,73.717,82.473,99.36,valid,2026-05-20 03:30:53
neg3_minlen0_purity0.6_splitTrue,0.75,single,83.117,94.08,73.467,82.235,99.358,valid,2026-05-20 03:34:30
neg3_minlen0_purity0.6_splitTrue,0.8,single,83.001,94.083,73.26,82.086,99.356,valid,2026-05-20 03:38:07
neg3_minlen0_purity0.6_splitTrue,0.3,complete,89.429,94.064,85.04,92.356,99.423,valid,2026-05-20 03:41:44
neg3_minlen0_purity0.6_splitTrue,0.35,complete,89.618,94.06,85.404,92.718,99.425,valid,2026-05-20 03:45:21
neg3_minlen0_purity0.6_splitTrue,0.4,complete,89.847,94.059,85.84,93.097,99.429,valid,2026-05-20 03:48:57
neg3_minlen0_purity0.6_splitTrue,0.45,complete,89.891,94.059,85.924,93.21,99.43,valid,2026-05-20 03:52:34
neg3_minlen0_purity0.6_splitTrue,0.5,complete,90.019,94.059,86.17,93.451,99.433,valid,2026-05-20 03:56:11
neg3_minlen0_purity0.6_splitTrue,0.55,complete,90.115,94.056,86.354,93.616,99.434,valid,2026-05-20 03:59:48
neg3_minlen0_purity0.6_splitTrue,0.6,complete,90.186,94.055,86.493,93.746,99.435,valid,2026-05-20 04:03:26
neg3_minlen0_purity0.6_splitTrue,0.65,complete,90.248,94.054,86.612,93.857,99.437,valid,2026-05-20 04:07:02
neg3_minlen0_purity0.6_splitTrue,0.7,complete,90.266,94.053,86.647,93.964,99.437,valid,2026-05-20 04:10:38
neg3_minlen0_purity0.6_splitTrue,0.75,complete,90.258,94.052,86.633,94.034,99.438,valid,2026-05-20 04:14:15
neg3_minlen0_purity0.6_splitTrue,0.8,complete,90.295,94.052,86.703,94.148,99.439,valid,2026-05-20 04:17:52
