config_name,negative_ratio,min_tracklet_len,tracklet_purity,splitted,n_train,n_val,n_test,train_pos_ratio,scale_pos_weight,n_rounds,best_iteration,threshold,val_auc_roc,val_avg_precision,val_f1,val_precision,val_recall,val_tp,val_fp,val_fn,val_tn,test_auc_roc,test_avg_precision,test_f1,test_precision,test_recall,test_tp,test_fp,test_fn,test_tn,elapsed_seconds
negNone_minlen0_purity0.6_splitTrue,,0,0.6,True,15511,18125,18999,0.07014376893817291,13.256433823529411,801,770,0.6800000000000002,0.9361036483108246,0.6882862172393402,0.6308664259927798,0.7089249492900609,0.5682926829268292,699,287,531,16608,0.9282162299210371,0.6504603029393747,0.6017274472168906,0.6705882352941176,0.5456919060052219,627,308,522,17542,26.7243070602417
negNone_minlen0_purity0.6_splitFalse,,0,0.6,False,10801,18125,18999,0.0689750948986205,13.497986577181209,565,534,0.6100000000000001,0.9355421938948599,0.6765022430379205,0.6251060220525869,0.6533687943262412,0.5991869918699188,737,391,493,16504,0.9194985774988846,0.6312993731515789,0.6054705609643023,0.6478174603174603,0.5683202785030461,653,355,496,17495,24.56915521621704
negNone_minlen0_purity0.8_splitTrue,,0,0.8,True,15511,18125,18999,0.06775836503126813,13.758325404376784,471,440,0.6300000000000001,0.9372177509582139,0.6888842960673504,0.6361301369863014,0.6717902350813744,0.6040650406504066,743,363,487,16532,0.9291639301499539,0.6462699440517168,0.6031164069660861,0.6369796708615683,0.5726718885987816,658,375,491,17475,25.229118585586548
negNone_minlen0_purity0.8_splitFalse,,0,0.8,False,10801,18125,18999,0.0662901583186742,14.085195530726256,404,373,0.6600000000000001,0.9359300028632129,0.6766327275893963,0.6276223776223776,0.6786389413988658,0.583739837398374,718,340,512,16555,0.9200078012057739,0.626081044186598,0.5926993275696446,0.6613076098606645,0.5369886858137511,617,316,532,17534,23.23608684539795
negNone_minlen0_purity1.0_splitTrue,,0,1.0,True,15511,18125,18999,0.04261491844497453,22.465960665658095,484,453,0.29000000000000004,0.9238767422891749,0.6287184197297166,0.5904532691536302,0.5827395091053048,0.5983739837398374,736,527,494,16368,0.9118301872533174,0.55606907328628,0.5310492505353319,0.5227655986509275,0.5395996518711923,620,566,529,17284,24.8565616607666
negNone_minlen0_purity1.0_splitFalse,,0,1.0,False,10801,18125,18999,0.04240348115915193,22.58296943231441,364,333,0.33,0.9179571095503793,0.6081321516528353,0.5702375989995832,0.5851154833190761,0.5560975609756098,684,485,546,16410,0.9028007547666587,0.5422822816904109,0.5166959578207382,0.5217391304347826,0.5117493472584856,588,539,561,17311,24.52827024459839
negNone_minlen5_purity0.6_splitTrue,,5,0.6,True,12914,18125,18999,0.06899488926746167,13.493827160493828,626,595,0.6400000000000001,0.9331711166771329,0.6621562057079089,0.6126604692341744,0.6724975704567542,0.5626016260162602,692,337,538,16558,0.9203971545101941,0.6197284459427961,0.5779036827195467,0.631578947368421,0.5326370757180157,612,357,537,17493,25.93139958381653
negNone_minlen5_purity0.6_splitFalse,,5,0.6,False,8692,18125,18999,0.06695812241141279,13.934707903780069,475,444,0.5000000000000001,0.9208818214846842,0.6219540168888062,0.57684384013185,0.5847953216374269,0.5691056910569106,700,497,530,16398,0.9048979139088186,0.5596025341263595,0.5300448430493273,0.5467160037002775,0.5143603133159269,591,490,558,17360,23.13911271095276
negNone_minlen5_purity0.8_splitTrue,,5,0.8,True,12914,18125,18999,0.06620721697382685,14.104093567251462,282,251,0.6600000000000001,0.9333991631718626,0.6622964551810183,0.6023468057366362,0.6470588235294118,0.5634146341463414,693,378,537,16517,0.9215223565492341,0.6102491269871658,0.5671077504725898,0.6204756980351603,0.5221932114882507,600,367,549,17483,21.76546335220337
negNone_minlen5_purity0.8_splitFalse,,5,0.8,False,8692,18125,18999,0.06419696272434422,14.577060931899641,457,426,0.4600000000000001,0.9218252862611491,0.6272499823789558,0.5872164948453609,0.59581589958159,0.5788617886178862,712,483,518,16412,0.9039370735239267,0.5648067900008569,0.5310683951721055,0.5459558823529411,0.5169712793733682,594,494,555,17356,25.663033723831177
negNone_minlen5_purity1.0_splitTrue,,5,1.0,True,12914,18125,18999,0.03894997676939755,24.67395626242545,323,292,0.34,0.923749365401319,0.6091185932948384,0.5767790262172284,0.5907928388746803,0.5634146341463414,693,480,537,16415,0.9116720909425564,0.5505371112267787,0.518418688230009,0.5357474466109564,0.5021758050478677,577,500,572,17350,22.42972993850708
negNone_minlen5_purity1.0_splitFalse,,5,1.0,False,8692,18125,18999,0.0378508973768983,25.419452887537993,266,235,0.29000000000000004,0.9113763392738987,0.5667336090546907,0.5380116959064327,0.5532646048109966,0.5235772357723577,644,520,586,16375,0.8925183511176444,0.5042666423676172,0.4884366327474561,0.5212240868706811,0.4595300261096606,528,485,621,17365,21.500202894210815
negNone_minlen10_purity0.6_splitTrue,,10,0.6,True,12304,18125,18999,0.06892067620286085,13.50943396226415,563,532,0.5900000000000002,0.9201325739803714,0.6301729940019636,0.5814266487213997,0.6486486486486487,0.526829268292683,648,351,582,16544,0.9042721353119142,0.5759076323505143,0.5435203094777563,0.6115342763873776,0.48912097476066146,562,357,587,17493,24.183143138885498
negNone_minlen10_purity0.6_splitFalse,,10,0.6,False,8495,18125,18999,0.06674514420247205,13.982363315696649,513,482,0.6600000000000001,0.9131742686175013,0.6139322620368802,0.5718181818181818,0.6484536082474227,0.5113821138211382,629,341,601,16554,0.8922747584673555,0.5515196213522687,0.5303867403314917,0.6270783847980997,0.4595300261096606,528,314,621,17536,24.48875617980957
negNone_minlen10_purity0.8_splitTrue,,10,0.8,True,12304,18125,18999,0.06631989596879063,14.07843137254902,465,434,0.6000000000000002,0.9171477105123226,0.6288658111251848,0.5834092980856882,0.6639004149377593,0.5203252032520326,640,324,590,16571,0.8977346273583411,0.5703258393925941,0.5373878364905285,0.6289381563593932,0.4691035683202785,539,318,610,17532,25.38099765777588
negNone_minlen10_purity0.8_splitFalse,,10,0.8,False,8495,18125,18999,0.06403766921718658,14.615808823529411,504,473,0.4700000000000001,0.9142942179939704,0.6149107650985042,0.576874205844981,0.6021220159151194,0.5536585365853659,681,450,549,16445,0.8918084901497587,0.5542481661829729,0.5333333333333333,0.56973293768546,0.5013054830287206,576,435,573,17415,24.806819915771484
negNone_minlen10_purity1.0_splitTrue,,10,1.0,True,12304,18125,18999,0.038442782834850454,25.012684989429175,358,327,0.37000000000000005,0.9107000435497103,0.5825149608320861,0.5463821892393321,0.6360691144708424,0.4788617886178862,589,337,641,16558,0.894283373923982,0.5124852174114719,0.4863472436888202,0.5959595959595959,0.41079199303742386,472,320,677,17530,22.833715200424194
negNone_minlen10_purity1.0_splitFalse,,10,1.0,False,8495,18125,18999,0.03755150088287228,25.630094043887148,182,151,0.37000000000000005,0.9005409547732647,0.5736902486391959,0.5477282200917049,0.5620188195038495,0.5341463414634147,657,512,573,16383,0.8812656481217379,0.5061188915862858,0.4920486435921422,0.531850353892821,0.4577893820713664,526,463,623,17387,22.861698389053345
neg3_minlen0_purity0.6_splitTrue,3.0,0,0.6,True,4351,18125,18999,0.2500574580556194,2.999080882352941,387,356,0.8600000000000002,0.9367045621329252,0.6812753358143124,0.62248824283882,0.6564472497745717,0.591869918699187,728,381,502,16514,0.9303805769479246,0.6502358987721824,0.6007292616226071,0.630622009569378,0.5735422106179286,659,386,490,17464,22.580388069152832
neg3_minlen0_purity0.6_splitFalse,3.0,0,0.6,False,2973,18125,18999,0.25058863101244533,2.9906040268456375,309,278,0.8400000000000002,0.9362677176342643,0.66692161835017,0.6077532305127137,0.6236099230111206,0.5926829268292683,729,440,501,16455,0.9195054035539367,0.6200155348567505,0.5954337899543379,0.6263208453410183,0.5674499564838991,652,389,497,17461,22.358596801757812
neg3_minlen0_purity0.8_splitTrue,3.0,0,0.8,True,4203,18125,18999,0.2500594813228646,2.9990485252140817,450,419,0.8700000000000002,0.9354020889424639,0.6823961336931916,0.6242317822651449,0.6784351145038168,0.5780487804878048,711,337,519,16558,0.927456733781415,0.6396490400129614,0.6012098650535133,0.646,0.5622280243690165,646,354,503,17496,22.584880352020264
neg3_minlen0_purity0.8_splitFalse,3.0,0,0.8,False,2857,18125,18999,0.2506125306265313,2.9902234636871508,35,4,0.5400000000000001,0.9184133228429059,0.5586092418355973,0.561995597945708,0.5120320855614974,0.6227642276422765,766,730,464,16165,0.899734515216008,0.5196919830108352,0.547901821060966,0.5025417574437182,0.6022628372497825,692,685,457,17165,20.967928647994995
neg3_minlen0_purity1.0_splitTrue,3.0,0,1.0,True,2643,18125,18999,0.25009458948164964,2.9984871406959153,328,297,0.7700000000000002,0.9283365694858488,0.6410783123894495,0.6023702492848386,0.6055875102711585,0.5991869918699188,737,480,493,16415,0.9227281304166575,0.60624157765986,0.5664585191793042,0.5809698078682525,0.5526544821583986,635,458,514,17392,21.626846313476562
neg3_minlen0_purity1.0_splitFalse,3.0,0,1.0,False,1825,18125,18999,0.25095890410958904,2.98471615720524,215,184,0.7900000000000001,0.9255930820924071,0.632112492157317,0.5943196269605765,0.620903454384411,0.5699186991869919,701,428,529,16467,0.9124188613652597,0.5727203577217087,0.5359189070074923,0.5428571428571428,0.5291557876414273,608,512,541,17338,21.541661024093628
neg3_minlen5_purity0.6_splitTrue,3.0,5,0.6,True,3562,18125,18999,0.2501403705783268,2.997755331088664,349,318,0.8400000000000002,0.9304484657749804,0.6399593471863668,0.588283490372798,0.5928984310487201,0.583739837398374,718,493,512,16402,0.9205085898589201,0.6096874380332965,0.5707865168539326,0.5901486988847584,0.5526544821583986,635,441,514,17409,22.336179733276367
neg3_minlen5_purity0.6_splitFalse,3.0,5,0.6,False,2326,18125,18999,0.25021496130696474,2.9965635738831615,296,265,0.8600000000000002,0.9211322924711933,0.6138574478012311,0.567295046032442,0.615604186489058,0.5260162601626016,647,404,583,16491,0.9024304656588484,0.5523519384143546,0.5250236071765817,0.5737874097007224,0.48389904264577893,556,413,593,17437,22.087634325027466
neg3_minlen5_purity0.8_splitTrue,3.0,5,0.8,True,3418,18125,18999,0.25014628437682856,2.99766081871345,83,52,0.6900000000000002,0.9268891792202918,0.6243386895959859,0.5769951292618959,0.5350938151494093,0.6260162601626016,770,669,460,16226,0.9150180280989682,0.5979427693180932,0.5499168053244592,0.5266932270916335,0.5752828546562228,661,594,488,17256,23.11316418647766
neg3_minlen5_purity0.8_splitFalse,3.0,5,0.8,False,2230,18125,18999,0.2502242152466368,2.996415770609319,68,37,0.6300000000000001,0.9065402040821237,0.5906853018709506,0.5519877675840978,0.5209235209235209,0.5869918699186992,722,664,508,16231,0.8895672524884627,0.5449449968462029,0.5231286795626577,0.5061025223759154,0.5413402959094865,622,607,527,17243,24.304118156433105
neg3_minlen5_purity1.0_splitTrue,3.0,5,1.0,True,2010,18125,18999,0.25024875621890547,2.996023856858847,71,40,0.6500000000000001,0.9166275922303466,0.5995190745892861,0.5544554455445545,0.5214899713467048,0.591869918699187,728,668,502,16227,0.9122995516744556,0.569985134488425,0.5475409836065573,0.517428350116189,0.5813751087902524,668,623,481,17227,22.573533296585083
neg3_minlen5_purity1.0_splitFalse,3.0,5,1.0,False,1314,18125,18999,0.2503805175038052,2.9939209726443767,147,116,0.6700000000000002,0.9043094964835413,0.556203719409741,0.5206677265500795,0.5093312597200622,0.532520325203252,655,631,575,16264,0.887019524955326,0.5058253684860068,0.4965156794425087,0.4969485614646905,0.4960835509138381,570,577,579,17273,24.7233989238739
neg3_minlen10_purity0.6_splitTrue,3.0,10,0.6,True,3390,18125,18999,0.25014749262536873,2.9976415094339623,256,225,0.8900000000000002,0.9148314193115296,0.6123297001928416,0.5610098176718092,0.6600660066006601,0.4878048780487805,600,309,630,16586,0.8975772380318534,0.5669429343571845,0.528125,0.6575875486381323,0.4412532637075718,507,264,642,17586,24.35782814025879
neg3_minlen10_purity0.6_splitFalse,3.0,10,0.6,False,2266,18125,18999,0.2502206531332745,2.99647266313933,323,292,0.8200000000000002,0.9111986757038332,0.6058129170985767,0.5612244897959183,0.5882352941176471,0.5365853658536586,660,462,570,16433,0.8878477204632942,0.5396857776030335,0.5228817399184413,0.5453686200378072,0.5021758050478677,577,481,572,17369,25.443901300430298
neg3_minlen10_purity0.8_splitTrue,3.0,10,0.8,True,3262,18125,18999,0.25015328019619865,2.997549019607843,340,309,0.8700000000000002,0.9148811766602425,0.612995404215692,0.564961521050249,0.6373850868232891,0.5073170731707317,624,355,606,16540,0.9007658346193134,0.566407499512705,0.5288509784244857,0.6244075829383886,0.4586597040905135,527,317,622,17533,24.701594829559326
neg3_minlen10_purity0.8_splitFalse,3.0,10,0.8,False,2174,18125,18999,0.250229990800368,2.9963235294117645,50,19,0.6200000000000001,0.9022178111097477,0.5779542211765863,0.5321543408360129,0.5262321144674086,0.5382113821138211,662,596,568,16299,0.8823713471463434,0.542166864128062,0.5148861646234676,0.5180616740088105,0.5117493472584856,588,547,561,17303,23.417675018310547
neg3_minlen10_purity1.0_splitTrue,3.0,10,1.0,True,1890,18125,18999,0.25026455026455025,2.995771670190275,317,286,0.7500000000000002,0.9108449365641924,0.5748203267367784,0.5434691306173877,0.5621198957428323,0.5260162601626016,647,504,583,16391,0.8940534333837974,0.52712015088452,0.5,0.530791788856305,0.4725848563968668,543,480,606,17370,24.830362558364868
neg3_minlen10_purity1.0_splitFalse,3.0,10,1.0,False,1274,18125,18999,0.25039246467817894,2.993730407523511,228,197,0.6600000000000001,0.9021976483156369,0.5515991236950113,0.5263584752635847,0.5250809061488673,0.5276422764227642,649,587,581,16308,0.8834406730490281,0.4898513313334263,0.4965635738831615,0.4902459711620017,0.5030461270670148,578,601,571,17249,24.62095355987549
neg5_minlen0_purity0.6_splitTrue,5.0,0,0.6,True,6491,18125,18999,0.16761670004621784,4.965992647058823,534,503,0.8200000000000002,0.9343525409210884,0.6789867114907702,0.6257459505541347,0.6577060931899642,0.5967479674796748,734,382,496,16513,0.9291365771722093,0.651782830004013,0.6082522021325916,0.6507936507936508,0.5709312445604874,656,352,493,17498,27.141429662704468
neg5_minlen0_purity0.6_splitFalse,5.0,0,0.6,False,4430,18125,18999,0.16817155756207675,4.946308724832215,531,500,0.7400000000000002,0.936751071298816,0.6702379708351437,0.615506329113924,0.5993836671802774,0.6325203252032521,778,520,452,16375,0.9216767716660206,0.6298776941130821,0.5930975713677035,0.5809682804674458,0.6057441253263708,696,502,453,17348,27.22703528404236
neg5_minlen0_purity0.8_splitTrue,5.0,0,0.8,True,6269,18125,18999,0.16765034295740947,4.9647954329210275,529,498,0.8600000000000002,0.9362661055731598,0.683226176126933,0.6277173913043478,0.7085889570552147,0.5634146341463414,693,285,537,16610,0.9293545477372847,0.6485290464013731,0.6068965517241379,0.699205448354143,0.536118363794604,616,265,533,17585,26.521884441375732
neg5_minlen0_purity0.8_splitFalse,5.0,0,0.8,False,4259,18125,18999,0.16811458088753228,4.948324022346369,431,400,0.8300000000000002,0.9347463650428157,0.670196917816545,0.6186291739894552,0.6730401529636711,0.5723577235772358,704,342,526,16553,0.9201046580512101,0.6164845261226194,0.5972935137657489,0.6438631790744467,0.557006092254134,640,354,509,17496,26.503976106643677
neg5_minlen0_purity1.0_splitTrue,5.0,0,1.0,True,3952,18125,18999,0.16725708502024292,4.978819969742814,335,304,0.7100000000000002,0.9277467476065706,0.6444102754670462,0.5942028985507246,0.6245519713261649,0.5666666666666667,697,419,533,16476,0.9207259997123305,0.5937970527228338,0.5562295846943537,0.5995975855130785,0.5187119234116623,596,398,553,17452,24.884693145751953
neg5_minlen0_purity1.0_splitFalse,5.0,0,1.0,False,2731,18125,18999,0.16770413767850603,4.962882096069869,263,232,0.7200000000000002,0.9228897037416661,0.6322189506271914,0.5846549507072439,0.6183136899365367,0.5544715447154471,682,421,548,16474,0.9100378602267715,0.5675123498427126,0.5435759209344115,0.5617455896007428,0.5265448215839861,605,472,544,17378,25.15459632873535
neg5_minlen5_purity0.6_splitTrue,5.0,5,0.6,True,5310,18125,18999,0.16779661016949152,4.959595959595959,451,420,0.8400000000000002,0.9330594754305045,0.654857522057378,0.6032315978456014,0.6733466933867736,0.5463414634146342,672,326,558,16569,0.9203312587001728,0.6123078169763098,0.572801537722249,0.6394849785407726,0.5187119234116623,596,336,553,17514,26.004338026046753
neg5_minlen5_purity0.6_splitFalse,5.0,5,0.6,False,3461,18125,18999,0.1681594914764519,4.946735395189004,333,302,0.6600000000000001,0.9222553937880309,0.6183047665685786,0.5706457925636008,0.550188679245283,0.5926829268292683,729,596,501,16299,0.9036422367032104,0.5706080945984855,0.5314452311536859,0.5095846645367412,0.5552654482158399,638,614,511,17236,25.600412368774414
neg5_minlen5_purity0.8_splitTrue,5.0,5,0.8,True,5094,18125,18999,0.16784452296819788,4.957894736842105,578,547,0.7600000000000002,0.9320942598594378,0.6531529616520777,0.6012474012474013,0.6153191489361702,0.5878048780487805,723,452,507,16443,0.9208781232249211,0.6142744693158997,0.5772727272727273,0.60418648905804,0.5526544821583986,635,416,514,17434,27.365775108337402
neg5_minlen5_purity0.8_splitFalse,5.0,5,0.8,False,3321,18125,18999,0.16802168021680217,4.951612903225806,38,7,0.5500000000000002,0.8967340845056867,0.5593269229087301,0.5271013354281225,0.5098784194528876,0.5455284552845528,671,645,559,16250,0.877541157455149,0.5255336553738041,0.5162393162393163,0.5071368597816961,0.525674499564839,604,587,545,17263,23.48479652404785
neg5_minlen5_purity1.0_splitTrue,5.0,5,1.0,True,2998,18125,18999,0.16777851901267513,4.960238568588469,410,379,0.7800000000000001,0.9227609553988408,0.610330385134102,0.5720700493938033,0.6389167502507522,0.5178861788617887,637,360,593,16535,0.9146643409321954,0.562569041981467,0.5190311418685121,0.6006864988558352,0.45691906005221933,525,349,624,17501,25.402996063232422
neg5_minlen5_purity1.0_splitFalse,5.0,5,1.0,False,1962,18125,18999,0.16768603465851173,4.963525835866261,290,259,0.7100000000000002,0.9086359556995984,0.5597884601129816,0.5387355298308103,0.5954724409448819,0.491869918699187,605,411,625,16484,0.8899254253485555,0.4991408201049855,0.4897959183673469,0.5544554455445545,0.4386422976501306,504,405,645,17445,25.018009662628174
neg5_minlen10_purity0.6_splitTrue,5.0,10,0.6,True,5056,18125,18999,0.16772151898734178,4.962264150943396,66,35,0.7200000000000002,0.9065861357932905,0.5927690071185143,0.549526270456503,0.5842490842490843,0.5186991869918699,638,454,592,16441,0.8925672061688035,0.5589091975174519,0.5258620689655172,0.5846645367412141,0.47780678851174935,549,390,600,17460,22.898553133010864
neg5_minlen10_purity0.6_splitFalse,5.0,10,0.6,False,3376,18125,18999,0.16795023696682465,4.954144620811287,339,308,0.7500000000000002,0.9146022900891927,0.6125682133419338,0.5709430756159728,0.597864768683274,0.5463414634146342,672,452,558,16443,0.8905364060332576,0.5551933769993503,0.5348086675887506,0.5686274509803921,0.504786771105309,580,440,569,17410,26.183488368988037
neg5_minlen10_purity0.8_splitTrue,5.0,10,0.8,True,4864,18125,18999,0.16776315789473684,4.96078431372549,328,297,0.8000000000000002,0.9136080814788614,0.6196543070664158,0.5737556561085972,0.6469387755102041,0.5154471544715448,634,346,596,16549,0.8973663616882785,0.5685540373155445,0.5400503778337532,0.6411483253588517,0.46649260226283723,536,300,613,17550,25.31131339073181
neg5_minlen10_purity0.8_splitFalse,5.0,10,0.8,False,3242,18125,18999,0.16779765576804442,4.959558823529412,35,4,0.5300000000000001,0.8912214851654287,0.5393768766072011,0.541033434650456,0.5078459343794579,0.5788617886178862,712,690,518,16205,0.8652796610376091,0.5021658750239261,0.5002112378538234,0.4860426929392447,0.515230635335074,592,626,557,17224,23.43862819671631
neg5_minlen10_purity1.0_splitTrue,5.0,10,1.0,True,2817,18125,18999,0.16790912318068868,4.955602536997886,329,298,0.6800000000000002,0.9140412447036576,0.5911653743718938,0.5471698113207547,0.5789473684210527,0.5186991869918699,638,464,592,16431,0.8976984736453328,0.5408374114798253,0.5168855534709194,0.560528992878942,0.4795474325500435,551,432,598,17418,24.567787408828735
neg5_minlen10_purity1.0_splitFalse,5.0,10,1.0,False,1902,18125,18999,0.16771819137749738,4.962382445141066,352,321,0.5500000000000002,0.8979521771246124,0.5495064988615757,0.5278219395866455,0.5163297045101088,0.5398373983739837,664,622,566,16273,0.880737628384687,0.49075150411424967,0.49094922737306845,0.4982078853046595,0.48389904264577893,556,560,593,17290,25.873603343963623
neg10_minlen0_purity0.6_splitTrue,10.0,0,0.6,True,11316,18125,18999,0.09614704842700601,9.400735294117647,718,687,0.7400000000000002,0.9368307359901064,0.6885502010418039,0.6379542395693136,0.7117117117117117,0.5780487804878048,711,288,519,16607,0.9292696121094216,0.6514867787770149,0.6020992366412213,0.6663146779303062,0.5491731940818103,631,316,518,17534,30.21980333328247
neg10_minlen0_purity0.6_splitFalse,10.0,0,0.6,False,7702,18125,18999,0.09672812256556738,9.338255033557047,34,3,0.5400000000000001,0.9143913266300463,0.5937800567337478,0.5565819861431871,0.5285087719298246,0.5878048780487805,723,645,507,16250,0.891243804745571,0.559972166340206,0.5420408163265306,0.5103766333589547,0.577893820713664,664,637,485,17213,23.990559339523315
neg10_minlen0_purity0.8_splitTrue,10.0,0,0.8,True,10959,18125,18999,0.09590291084953007,9.42721217887726,597,566,0.6300000000000001,0.9373586739714689,0.6860130840024202,0.625366262034324,0.6445211389128559,0.6073170731707317,747,412,483,16483,0.9291007891407217,0.6480630284725648,0.5994647636039251,0.6148215919487648,0.5848563968668408,672,421,477,17429,28.806289672851562
neg10_minlen0_purity0.8_splitFalse,10.0,0,0.8,False,7438,18125,18999,0.09626243613874698,9.388268156424582,540,509,0.6600000000000001,0.93422040003176,0.6725803834752644,0.6291278577476714,0.6563604240282686,0.6040650406504066,743,389,487,16506,0.9187518558337173,0.6193396160867672,0.589895311788803,0.6183206106870229,0.5639686684073107,648,400,501,17450,28.70371174812317
neg10_minlen0_purity1.0_splitTrue,10.0,0,1.0,True,7098,18125,18999,0.09312482389405466,9.738275340393344,517,486,0.43000000000000005,0.92635306063034,0.641066106117852,0.5934065934065934,0.5735963581183612,0.6146341463414634,756,562,474,16333,0.9174741158430298,0.5926014243144302,0.5426229508196722,0.5127807900852053,0.5761531766753699,662,629,487,17221,27.387977838516235
neg10_minlen0_purity1.0_splitFalse,10.0,0,1.0,False,4857,18125,18999,0.0942968910850319,9.604803493449781,417,386,0.5300000000000001,0.9230630604619156,0.6338224264593201,0.5892561983471074,0.5991596638655462,0.5796747967479675,713,477,517,16418,0.9082104521530109,0.5586718628156375,0.5334491746307559,0.5325238508239376,0.5343777197563099,614,539,535,17311,26.664681434631348
neg10_minlen5_purity0.6_splitTrue,10.0,5,0.6,True,9313,18125,18999,0.09567271555889617,9.452300785634119,404,373,0.7800000000000001,0.9320585057877804,0.6632169757801023,0.6110338433008808,0.7108953613807982,0.5357723577235772,659,268,571,16627,0.9211450707349955,0.6165918587091995,0.5726872246696035,0.6543624161073825,0.5091383812010444,585,309,564,17541,26.30768847465515
neg10_minlen5_purity0.6_splitFalse,10.0,5,0.6,False,6062,18125,18999,0.09600791817881887,9.415807560137457,385,354,0.6900000000000002,0.9215669715146397,0.6250188073504364,0.5708041958041958,0.6172022684310019,0.5308943089430894,653,405,577,16490,0.9010510174478842,0.560489449065678,0.5312800769971127,0.5941872981700753,0.4804177545691906,552,377,597,17473,27.52505135536194
neg10_minlen5_purity0.8_splitTrue,10.0,5,0.8,True,8969,18125,18999,0.09532835321663508,9.490058479532165,600,569,0.6000000000000002,0.9327703630987183,0.6623243388585132,0.6047879042419152,0.6255430060816681,0.5853658536585366,720,431,510,16464,0.921853127674046,0.6126983950732396,0.5672990063233966,0.5896713615023474,0.546562228024369,628,437,521,17413,28.468061685562134
neg10_minlen5_purity0.8_splitFalse,10.0,5,0.8,False,5828,18125,18999,0.09574468085106383,9.444444444444445,406,375,0.6500000000000001,0.9216813075499799,0.6234227584404687,0.5796232876712328,0.6121157323688969,0.5504065040650407,677,429,553,16466,0.9021171984894915,0.5606642660608947,0.5313964386129335,0.5756345177664974,0.4934725848563969,567,418,582,17432,26.709150552749634
neg10_minlen5_purity1.0_splitTrue,10.0,5,1.0,True,5381,18125,18999,0.09347704887567367,9.697813121272366,482,451,0.5000000000000001,0.9236058679024196,0.6171512406714058,0.5835411471321695,0.5969387755102041,0.5707317073170731,702,474,528,16421,0.9138798809340969,0.5725905630425017,0.5329181494661922,0.5450409463148317,0.5213228894691035,599,500,550,17350,26.54613161087036
neg10_minlen5_purity1.0_splitFalse,10.0,5,1.0,False,3485,18125,18999,0.09440459110473458,9.592705167173252,361,330,0.5000000000000001,0.9139960588715091,0.5650557725288816,0.5477707006369427,0.5733333333333334,0.524390243902439,645,480,585,16415,0.8963769250084717,0.5123506437621992,0.5027322404371585,0.5272206303724928,0.4804177545691906,552,495,597,17355,26.28627324104309
neg10_minlen10_purity0.6_splitTrue,10.0,10,0.6,True,8875,18125,18999,0.0955492957746479,9.465801886792454,539,508,0.5400000000000001,0.9205981709121619,0.629282157007665,0.5766666666666667,0.5914529914529915,0.5626016260162602,692,478,538,16417,0.9044144585597512,0.5771920061963898,0.5405887600356825,0.5544373284537969,0.5274151436031331,606,487,543,17363,27.327335834503174
neg10_minlen10_purity0.6_splitFalse,10.0,10,0.6,False,5927,18125,18999,0.09566391091614646,9.45326278659612,479,448,0.6500000000000001,0.9171414788134269,0.6154879608225843,0.577373211963589,0.6183844011142061,0.5414634146341464,666,411,564,16484,0.893947434500345,0.5507923328254167,0.5354777672658467,0.5865284974093264,0.4926022628372498,566,399,583,17451,27.408599138259888
neg10_minlen10_purity0.8_splitTrue,10.0,10,0.8,True,8564,18125,18999,0.09528257823446988,9.495098039215685,526,495,0.6700000000000002,0.9164886903086253,0.6228018550356851,0.5741583257506825,0.6518595041322314,0.5130081300813009,631,337,599,16558,0.9011474110967277,0.5703049555315068,0.5389930898321816,0.6225769669327252,0.4751958224543081,546,331,603,17519,27.499800205230713
neg10_minlen10_purity0.8_splitFalse,10.0,10,0.8,False,5707,18125,18999,0.09532153495707027,9.490808823529411,411,380,0.7900000000000001,0.91360834614561,0.6148313624829898,0.5744578313253013,0.7053254437869823,0.4845528455284553,596,249,634,16646,0.8933766300253783,0.553865367459344,0.5301837270341208,0.667989417989418,0.4395126196692776,505,251,644,17599,27.63510036468506
neg10_minlen10_purity1.0_splitTrue,10.0,10,1.0,True,5064,18125,18999,0.0934044233807267,9.706131078224102,56,25,0.5600000000000002,0.906416508468133,0.5748455166929807,0.5235521235521235,0.4985294117647059,0.551219512195122,678,682,552,16213,0.8939592094453099,0.5502031208287476,0.5038167938931297,0.4913151364764268,0.5169712793733682,594,615,555,17235,23.700530290603638
neg10_minlen10_purity1.0_splitFalse,10.0,10,1.0,False,3378,18125,18999,0.09443457667258733,9.589341692789969,311,280,0.4000000000000001,0.9092454351001041,0.5795897514369636,0.5414811817078106,0.5390813859790492,0.5439024390243903,669,572,561,16323,0.8874641205481322,0.5133318100944718,0.5024027959807776,0.5043859649122807,0.5004351610095735,575,565,574,17285,25.956252813339233
