round,train_auc,val_auc,train_logloss,val_logloss,train_aucpr,val_aucpr,train_error,val_error
0,0.9534280675842682,0.8656750566025933,0.6596146331255107,0.6637501210114052,0.6902269469610179,0.47003209061491985,0.11932786123586805,0.15845517241379312
1,0.9670717637808491,0.8968354999915787,0.6288056881578784,0.6323573975859017,0.7372111896134967,0.5365123246648044,0.09501316400805328,0.10758620689655173
2,0.9712956638571433,0.9094895781452635,0.600744676729354,0.6062847707649757,0.7705040653005667,0.5740155905275511,0.09207062103143875,0.10289655172413793
3,0.9734191191536835,0.9146260860359418,0.5737541255630427,0.5804288786394842,0.7819043348413599,0.5955995440494858,0.08641784110267926,0.09357241379310345
4,0.97407335528714,0.9146232709441625,0.549279760382983,0.5560390958868224,0.7820762163899381,0.5934428912434826,0.08920551339631408,0.09241379310344827
5,0.9744896449407248,0.9151514735922737,0.5266626209865253,0.5340814799078579,0.7820689795772897,0.5903538263890521,0.0842496515409633,0.0896
6,0.9761552236253503,0.9169773132475332,0.5074773773064052,0.5163780972003936,0.7975512284020335,0.6003463933610863,0.08432708688245315,0.08871724137931035
7,0.9767939638326951,0.9172524223022639,0.4878678899468958,0.4970391972163628,0.8000046547891952,0.6056143913083855,0.08541118166331113,0.08915862068965517
8,0.9773704402887358,0.9173623311847205,0.4702534534409815,0.47993968941918735,0.8001692402008708,0.6060503235771462,0.08463682824841258,0.08777931034482758
9,0.9776276166528184,0.9185003741425399,0.4535759115354812,0.4634140601404782,0.8006500970813307,0.6046415188125127,0.08502400495586186,0.08722758620689655
10,0.9779425760184861,0.9190334370345775,0.4393791941129997,0.44961208588337076,0.8058298552390233,0.6092602402866103,0.08695988849310825,0.08739310344827586
11,0.9784517012053123,0.9192279430340915,0.42392125278272846,0.434609497833252,0.8070974137481471,0.6095678484314115,0.08432708688245315,0.08728275862068965
12,0.9789311880997262,0.9198192807320201,0.41223530629175226,0.4248982222211772,0.8109217233113156,0.6126506862592044,0.08595322905374013,0.08838620689655173
13,0.9791408498469965,0.9204068649742431,0.39902896562033585,0.41221588891950145,0.8118414865352097,0.6121199429305577,0.08440452222394301,0.08695172413793104
14,0.9793269876582417,0.9203145444002531,0.38817960252809103,0.4015165251945627,0.8127079057374132,0.6120530305439659,0.08587579371225026,0.08733793103448276
15,0.9797709086017605,0.9212165768002752,0.37834102231406275,0.39162840166174134,0.816186209058594,0.6120682478410544,0.08533374632182128,0.08684137931034483
16,0.9800031141210548,0.922403919955151,0.367465342197262,0.38149993269196875,0.8168895394287693,0.6132316717032927,0.08471426358990243,0.08590344827586206
17,0.9802363464788262,0.9225781909787136,0.35748643524782087,0.3714976506701831,0.8172345097229748,0.6130139918249813,0.08386247483351401,0.08595862068965517
18,0.9805727761035643,0.9227683901284115,0.347560591164925,0.36223197379112243,0.8186017249983518,0.6131935854743866,0.08277838005265603,0.08601379310344828
19,0.9807295556692546,0.9224396018449679,0.33865163557200273,0.3540928679753994,0.8190743894126401,0.614057582544449,0.0823137680037169,0.08579310344827586
20,0.9809829980752379,0.9218366188101064,0.3304646067784005,0.3462778123584287,0.8200049572555111,0.6108189383150897,0.0810748025398792,0.08595862068965517
21,0.9811641417175255,0.9220497477244675,0.3222864408375439,0.3391560313060366,0.8210245387327043,0.6114723967137271,0.0796809663930618,0.08695172413793104
22,0.9815176075260913,0.9228000057745472,0.31531518782894735,0.3328267885438327,0.8236831246792721,0.6133269197651795,0.07944866036859223,0.08651034482758621
23,0.9817106998342963,0.9234920612005765,0.3080041647391255,0.326466116976738,0.8247203010422919,0.6136796176049674,0.07859687161220381,0.08540689655172413
24,0.9818664525615093,0.9237264356366559,0.30204130119886563,0.32114728748962795,0.8264705340157873,0.6150043973283347,0.0796809663930618,0.08496551724137931
25,0.982153033845623,0.9241621974077096,0.2961149676487286,0.31577019756662433,0.8294830077915664,0.6162705325306307,0.07944866036859223,0.08507586206896552
26,0.9824637925084292,0.9245636006226887,0.2899492590170223,0.31006452339188806,0.8306889477098929,0.6165897559248051,0.0778999535387951,0.08463448275862069
27,0.9827086001363081,0.9248285560985234,0.28412078392981965,0.3048617572208931,0.8324912239786724,0.6174300908745953,0.07766764751432553,0.08347586206896551
28,0.9829381452104566,0.9247912140263752,0.277907661162461,0.2991328701582448,0.8346789560231028,0.6181906658356512,0.07759021217283568,0.08375172413793104
29,0.9831697439615597,0.9244441877979005,0.2725132798756703,0.2941362098196457,0.8361798949222978,0.6182829978232477,0.0770481647824067,0.08413793103448276
30,0.9833600358011902,0.9248344028276033,0.267204726101888,0.28879955399200835,0.8369686420185221,0.619474680455947,0.07604150534303857,0.0833103448275862
31,0.9836356485833876,0.9250393751939887,0.2622785949726186,0.28450069648602916,0.8385572727836959,0.6204549476174765,0.0751122812451603,0.08353103448275861
32,0.9837737583585819,0.9250779202968117,0.257448257450623,0.2801635245828793,0.8387116483489054,0.6190735186923128,0.07604150534303857,0.08413793103448276
33,0.9841484610538369,0.9250911055130083,0.25230417038165914,0.27552375797567696,0.8407199058595695,0.6197701419582887,0.07526715192814,0.08364137931034482
34,0.9844964192742063,0.9251231061289601,0.24750668219950836,0.2716589300015877,0.8438552946423653,0.6205619949846471,0.0738733157813226,0.08286896551724138
35,0.984716489429678,0.9254168140379243,0.2440920867532404,0.26862990498049505,0.8458900650870075,0.621954978169319,0.07364100975685303,0.08259310344827586
36,0.9849054743839739,0.9254088499748566,0.24008933864031964,0.264754433631897,0.8470933839091351,0.622202123616304,0.0740281864643023,0.08270344827586207
37,0.9851905154103718,0.9255790066335111,0.2362970701879358,0.2615184160483294,0.8494038623088603,0.6232732891300363,0.07371844509834288,0.08286896551724138
38,0.9852428841727131,0.9261244607415,0.23283473005616684,0.2585066755903178,0.849407967216143,0.6237632406747573,0.07340870373238347,0.08297931034482758
39,0.9855150430436688,0.9261467168089852,0.22934229871171888,0.2558249515315582,0.8512692566579401,0.6239867674195653,0.07232460895152548,0.0832
40,0.985671635911454,0.9261173387999048,0.22592813517267726,0.2524817920935565,0.8523803265099418,0.624467398771046,0.0719374322440762,0.08286896551724138
41,0.9859523828860378,0.9261642088749978,0.22251875232256094,0.24942607935214864,0.8538418951088811,0.6233852386124871,0.07131794951215735,0.08303448275862069
42,0.9861729664607483,0.9263348948671494,0.2193869936164709,0.24701204356098996,0.8546013533997041,0.6236873351185951,0.07023385473129937,0.08198620689655173
43,0.9862646818065599,0.9263100883746334,0.21688876189758796,0.24476503615810954,0.8547610017423798,0.6246409680247886,0.07015641938980952,0.08171034482758621
44,0.986548976041338,0.9266160190752544,0.21394763828917418,0.24233605889390256,0.8566589751780789,0.6251960853025008,0.06899488926746167,0.08182068965517242
45,0.9867395012533497,0.9268220741692471,0.2113833388860877,0.23980211165567925,0.8582501729149015,0.6258886120788887,0.06914975995044138,0.08176551724137932
46,0.9869571910105333,0.9268597290293707,0.20856555138750815,0.23782851729454665,0.8594706341774637,0.6266636238449339,0.06860771256001238,0.0816
47,0.987159758237415,0.9268700510325613,0.20590032061536845,0.23598582194817477,0.8611094688352895,0.6265077580734362,0.0675236177791544,0.08132413793103448
48,0.9873435623248482,0.9271657078512188,0.203262261435648,0.233765793475817,0.8626528403767136,0.6280119968067093,0.06729131175468483,0.08099310344827586
49,0.9874566079063015,0.9275080181994481,0.2012274551759342,0.2321627672816145,0.8635817574082122,0.6290004355347751,0.06628465231531672,0.08093793103448275
50,0.9876433991602142,0.9275140333528225,0.19903502601132647,0.23072924367374387,0.8652799423193053,0.6297812569479692,0.065587734241908,0.08033103448275862
51,0.9878041460563848,0.9279484477295202,0.19704367465456288,0.22895403785582247,0.8669280782518226,0.6308753026132932,0.06597491094935728,0.08038620689655172
52,0.9879479967921566,0.9278178948406827,0.1949955387779742,0.22713899756834424,0.8679889977943485,0.6304496156135624,0.065587734241908,0.08055172413793103
53,0.988145243128747,0.92774130990792,0.19264935648329273,0.2256390960947193,0.8690620689659988,0.6303265656401903,0.0654328635589283,0.08016551724137931
54,0.9882426060861836,0.9278462382433827,0.19131882654135768,0.22435545161027332,0.8697139155534414,0.6312792453969394,0.06504568685147902,0.08038620689655172
55,0.9884549749530758,0.928120023964371,0.18882134418766694,0.22231855319851432,0.8708199555362531,0.6312529400572087,0.06481338082700945,0.08082758620689655
56,0.9886375655041268,0.9282317133322265,0.1870050083438247,0.22105260618390707,0.8727779802111985,0.6320232394609702,0.0648908161684993,0.08066206896551724
57,0.988786550432285,0.9283311799084253,0.18550024116222857,0.21971496689329886,0.8737282746921329,0.6321437269456645,0.06388415672913117,0.08049655172413793
58,0.989006667262233,0.9285050900227854,0.1832226377551135,0.21786275255176527,0.875718408492477,0.6333373827355292,0.06318723865572247,0.08027586206896552
59,0.9891325016501761,0.9285744327108852,0.18168986944716256,0.21658816373646259,0.8766831668200495,0.6349074185549577,0.06303236797274275,0.0799448275862069
60,0.9892087677443523,0.9290702738338422,0.18040284261569572,0.21535485299805115,0.8769730520062684,0.6357347926426055,0.06318723865572247,0.07950344827586207
61,0.9893254539349524,0.9293153793035415,0.17875684739435366,0.21410220693658139,0.8777400895054006,0.6363721501150441,0.06264519126529348,0.07939310344827587
62,0.9893952789514074,0.9292829215359333,0.17769526048472986,0.21354230792841006,0.8781802087074859,0.6365460384674823,0.06272262660678334,0.07895172413793103
63,0.989619596484217,0.9293596989536039,0.1759439826318012,0.2123661400810398,0.8804795198092504,0.6374883965381762,0.06187083785039492,0.07950344827586207
64,0.9897493515281643,0.9293943943582673,0.17446593493678972,0.21116885137003044,0.881765950360076,0.6387499435214029,0.06117391977698622,0.07966896551724138
65,0.989776889469146,0.9293471393133582,0.17348359287620532,0.21026701269221718,0.8819401856565519,0.6391297438855461,0.06117391977698622,0.07955862068965518
66,0.9898499816989379,0.9293351571278364,0.17196989304993163,0.20900153237735403,0.8823675746032409,0.6393606861780667,0.06125135511847607,0.07972413793103449
67,0.9900199234669278,0.9292954571155655,0.1704393747336649,0.20779814339048905,0.8845594751690622,0.6402793180348538,0.06070930772804708,0.07933793103448276
68,0.9902117555642743,0.9291240011837821,0.16906920754069032,0.20667330090593675,0.8860662325723754,0.6401116451072228,0.06070930772804708,0.07900689655172413
69,0.9903551395552838,0.9291988296917595,0.1677760907759077,0.2059940223203137,0.8878380716631129,0.6406028075017743,0.06039956636208766,0.07862068965517241
70,0.9904451279454745,0.9291410842193655,0.1664350082226206,0.20498318616141534,0.8884559450016862,0.6404911722173938,0.06008982499612824,0.07867586206896551
71,0.9905800171818082,0.9290170517567857,0.1651316714942985,0.20413448489811914,0.8898574053789211,0.6408130545137367,0.05931547158122967,0.0785103448275862
72,0.9907231211259602,0.9291569642242737,0.16432280988233855,0.20387652995452799,0.8917462258703874,0.6412299471732819,0.05970264828867895,0.07828965517241379
73,0.9908479753499022,0.929538204645142,0.1632937306971072,0.20316314579751985,0.8932067804406815,0.6418500590344907,0.05978008363016881,0.0785655172413793
74,0.9909117793589224,0.929402214057654,0.16220536534574223,0.20247173614835945,0.8937673514573043,0.6420518698462564,0.05978008363016881,0.07823448275862069
75,0.9910117094125522,0.9294930428736072,0.1610162014568469,0.20148666028503714,0.8944585670530362,0.6418974791067897,0.05954777760569924,0.07795862068965517
76,0.9911749300559636,0.9297852349639211,0.15970436178313085,0.2004973793291326,0.8958651649896068,0.642587074538096,0.05962521294718909,0.07790344827586207
77,0.9912899826398953,0.9297407228289507,0.15883549100570687,0.19991444898823213,0.8968218501790621,0.6427721335601485,0.05970264828867895,0.07757241379310345
78,0.991415350283076,0.9297746964152092,0.15771820328769687,0.19942798259761826,0.8983163813065806,0.6425836796938951,0.05900573021527025,0.07746206896551724
79,0.9914937634031593,0.9295251878532399,0.1565178649302988,0.19880269307494164,0.8990220412513452,0.6426265303706679,0.05892829487378039,0.07779310344827586
80,0.9915743235491495,0.929436115462072,0.1556156491454727,0.19858453652183045,0.8998290076941379,0.6429668650289069,0.0590831655567601,0.07806896551724138
81,0.9916908230418447,0.9292625903175279,0.15449052847912761,0.19765515102762088,0.9006474799124929,0.6431322014375839,0.05807650611739198,0.07751724137931035
82,0.9918237519501764,0.9293932394488195,0.15308201579214503,0.19681128912622045,0.9019573603165584,0.6430030362126872,0.05753445872696299,0.07674482758620689
83,0.9919162140876078,0.9296044916353278,0.15213583869548317,0.19599459720009874,0.9027970259790749,0.6430998476300452,0.05753445872696299,0.07663448275862068
84,0.9920409749625974,0.9294829133553247,0.15083633341871355,0.19516167433719184,0.9040549661315171,0.6432460438201457,0.05652779928759486,0.07624827586206896
85,0.9921493530964267,0.9296020615133644,0.14966598729490058,0.1941851528175946,0.9050831527580331,0.6442815514111733,0.05637292860461515,0.07591724137931034
86,0.9921807183444601,0.9295413806461237,0.14912221291593156,0.19378240333816102,0.9054933896444456,0.644696799210382,0.056450363946105,0.07569655172413793
87,0.9923124337164094,0.9297103583347168,0.14798727056228053,0.19250538625555305,0.9069388728532396,0.645817902100596,0.05598575189716587,0.07547586206896552
88,0.9923482797141617,0.92956329986502,0.1476064732975292,0.19224458814260775,0.9072107648349541,0.6455654421918038,0.05606318723865572,0.07558620689655172
89,0.9924853159764025,0.9295140959104176,0.14646877472926279,0.19178575685877225,0.9086399845911365,0.6459285130207599,0.0550565277992876,0.07564137931034483
90,0.9925878131262256,0.9296532143776602,0.14575042976504943,0.19127860796711055,0.9096991169386036,0.6462351340044025,0.05513396314077745,0.0751448275862069
91,0.9927393184761008,0.9299503629543546,0.14437880416184956,0.1903736399948083,0.9110867084466013,0.6472477217799746,0.05474678643332817,0.07475862068965518
92,0.9928315472411511,0.9301254279781626,0.14365581873063255,0.18990574738588825,0.9118819209417002,0.6471353930039452,0.05474678643332817,0.07486896551724138
93,0.9929235893082964,0.9301629384746052,0.14308435552876395,0.1894114530367584,0.9129005445514516,0.6477340831807207,0.05435960972587889,0.07486896551724138
94,0.9930103104851504,0.9302875002706819,0.14221687505295882,0.1889626073084258,0.913631861991431,0.6483005885095977,0.05420473904289918,0.07475862068965518
95,0.9930952580319072,0.930233243587245,0.14113133215874496,0.18830330749363478,0.9143745387006885,0.647474571119851,0.0538175623354499,0.07481379310344828
96,0.9932004623013523,0.9304435092885999,0.14021018889537365,0.1877782845653465,0.9156060609029953,0.6479924876641711,0.05404986835991947,0.07398620689655172
97,0.9932681402919004,0.9304572960201339,0.13919200400145548,0.18694159281377135,0.9163713496578981,0.6485177629258965,0.05389499767693975,0.07404137931034482
98,0.9933711041864858,0.9306299309219787,0.1383294688673622,0.18638508017957212,0.9173355738036705,0.6491000849774627,0.05335295028651076,0.07415172413793103
99,0.9934108708402424,0.9306907561529004,0.13782361043440153,0.18589053539769917,0.917832300649718,0.6495733156667481,0.05319807960353105,0.07409655172413793
100,0.993559762419448,0.9307665952066446,0.13630337676955975,0.18513497849812025,0.9193501415345866,0.6495819355641841,0.05226885550565278,0.07326896551724138
101,0.9936516177886884,0.9308180367983023,0.13542974285614215,0.18497000781839779,0.9200439976402166,0.6496545958277369,0.05164937277373393,0.07310344827586207
102,0.9936725279540439,0.930753265626767,0.13534159933640774,0.1850148469330807,0.9202082614428974,0.649191306752146,0.05157193743224408,0.07332413793103448
103,0.9937106143266558,0.9306638082657832,0.13477147703434172,0.18456185847904918,0.9204269513247971,0.6494881707527926,0.05141706674926436,0.07293793103448276
104,0.9937532747979392,0.9306984074279926,0.13432187388323444,0.18459586100101727,0.9207805788422155,0.649416455774291,0.05110732538330494,0.07315862068965517
105,0.9938968454868535,0.9308426267452967,0.132980632861416,0.18372448557656387,0.9223035340170735,0.6494737597883784,0.05056527799287595,0.07233103448275863
106,0.993985993736472,0.930791088911185,0.13232795127582533,0.1833164953375428,0.9232215831628097,0.6496786155806938,0.04986835991946725,0.0721103448275862
107,0.9941131350097498,0.9308069689160934,0.13109189026693865,0.1830870707421981,0.9245753919815689,0.6494056864263551,0.04986835991946725,0.07222068965517241
108,0.9941667173084734,0.9307022330655387,0.13032194364762079,0.1827750378753733,0.9251372016553777,0.6493355671024408,0.04909400650456869,0.0721103448275862
109,0.9942635201721952,0.9307043985207535,0.12955665610809183,0.18207698136823702,0.9260754534506973,0.649720736074965,0.04878426513860926,0.0721655172413793
110,0.994367510905258,0.9307573559310616,0.12854689377611303,0.18158410130048105,0.9270209107895478,0.6495501837293036,0.04847452377264984,0.07155862068965517
111,0.9944078376527294,0.9307396954407543,0.12792479958454028,0.18132881910172774,0.9273999131492952,0.6495743682867385,0.04824221774818027,0.07166896551724138
112,0.9944718750341307,0.9308001838230872,0.1275782683237699,0.1813866874500531,0.9281204134353105,0.6494940155147345,0.04793247638222085,0.07188965517241379
113,0.9945051072612137,0.9305782246635724,0.12699223113255564,0.18127213569638032,0.9284156340971462,0.6490076330329223,0.04816478240669041,0.072
114,0.994564290497086,0.9306977577914282,0.1264219027765509,0.18077817808322866,0.9290923197840923,0.649113927811242,0.04785504104073099,0.07172413793103448
115,0.9946232870350534,0.9305851300596463,0.12596206376776914,0.18056241867570527,0.9296594392932027,0.6492257734783012,0.04770017035775128,0.07155862068965517
116,0.9946872310675022,0.9306648669327771,0.12548054226039543,0.18046235503017388,0.9304079508572458,0.6495865907749467,0.04739042899179186,0.072
117,0.9946991797334197,0.9304938922132636,0.12517737186640876,0.1801349291862663,0.9305044615075232,0.6495732989605658,0.04723555830881214,0.07172413793103448
118,0.9947356791738393,0.9304178606746115,0.12431298726763612,0.17974038365424835,0.9309617518925601,0.6497215186787485,0.04684838160136286,0.07161379310344827
119,0.9947677912134925,0.9304821987551039,0.12410422172312817,0.17967971599823312,0.9313190268408921,0.6496199068359203,0.0466160755768933,0.07183448275862069
120,0.9948383630215675,0.9305427593192771,0.12367889243471407,0.17948884858056774,0.9320746623184523,0.6498438859333197,0.04607402818646431,0.07172413793103448
121,0.9949202300528924,0.9306060387327756,0.12283989653489157,0.1787450329675307,0.9329968069170259,0.6505470702103627,0.04576428682050488,0.07166896551724138
122,0.9950055509954592,0.9308663505102053,0.12221857095435984,0.17822445800540135,0.9339095356707142,0.6512114280838294,0.04568685147901502,0.07150344827586207
123,0.9951010469738464,0.9309514288395325,0.12130177511554839,0.17768261792462575,0.9349382267468175,0.6512994165845536,0.04545454545454546,0.07106206896551724
124,0.995144734283607,0.9309804940606375,0.12102547835705538,0.17757450484798515,0.9354253706300184,0.651161270769076,0.04560941613752516,0.07095172413793104
125,0.9952685149945956,0.9309580214476308,0.11977110975464153,0.1770695213423528,0.9371306609957646,0.6510655140121182,0.04506736874709617,0.07067586206896552
126,0.9953177098925525,0.9311398234432181,0.11933321440159614,0.1768022700479768,0.9376715172471352,0.6514232081376262,0.04498993340560632,0.07067586206896552
127,0.995355142822497,0.9311972561276367,0.11896025333430683,0.1768009320550598,0.9379732420666015,0.651509939187383,0.04460275669815704,0.07056551724137931
128,0.9953801603417617,0.9314347584434708,0.11848555246622589,0.17658011345418875,0.938381341902254,0.652357370040378,0.04406070930772805,0.07062068965517242
129,0.9954024707414044,0.9314076661926726,0.118023768245724,0.17672679897470336,0.938595247118179,0.65220491921862,0.04398327396623819,0.07067586206896552
130,0.9955066481723722,0.9313394302927936,0.11705764865942035,0.17634515219049784,0.9398063162642227,0.6516055874467361,0.04359609725878891,0.07056551724137931
131,0.9955776867252095,0.93152989410924,0.11632316090647933,0.1760216244528327,0.9406156721771911,0.6523262497012844,0.04305404986835992,0.07067586206896552
132,0.99564583146052,0.9315372085357433,0.11543474340531665,0.17579551696887818,0.9414821063582953,0.6518523568174465,0.04258943781942078,0.07073103448275862
133,0.9957296588198471,0.9314535738432258,0.11458068909413632,0.17539492229767914,0.942481146819622,0.6518843401152544,0.04227969645346136,0.07045517241379311
134,0.995751035729965,0.9315744062442104,0.11436361310233732,0.17539437594565338,0.9427825071284269,0.652086323938869,0.04235713179495122,0.07051034482758621
135,0.9957876285193372,0.9316095347399168,0.11395134553084103,0.17532623095595887,0.9433042699145742,0.6522017319721876,0.04235713179495122,0.07056551724137931
136,0.995863427868751,0.9314827353067848,0.11327806403272965,0.17513612641224893,0.9441672631299094,0.6520047108697506,0.04181508440452222,0.0702896551724138
137,0.9959101956939435,0.931393085460893,0.11279948204750194,0.1750044723407847,0.9447096415222441,0.6518694361802667,0.04142790769707294,0.07012413793103449
138,0.9959945831469855,0.9315555427232284,0.1122894352156729,0.17497970233101653,0.9457110789755969,0.6521143519870621,0.04127303701409323,0.0702344827586207
139,0.9961406742576168,0.9315156021048224,0.11095091922474094,0.17448582777346902,0.9476761745485714,0.6522255589136529,0.04088586030664395,0.06990344827586206
140,0.9961870686869994,0.9315351874442095,0.11054721126889877,0.1741725043877285,0.9481947955053471,0.6523409995832936,0.0408084249651541,0.06995862068965518
141,0.9962489590424937,0.9316304193524326,0.11002262994968111,0.17390763730841594,0.948903554094038,0.6528121339293976,0.03995663620876568,0.06968275862068965
142,0.9962987140341655,0.931718793985809,0.10977539705511728,0.173828064623003,0.9494342161616156,0.6529596183372895,0.04034381291621496,0.06957241379310344
143,0.9963564036867982,0.9317483163585705,0.10902508076059983,0.1732883176219746,0.9501662863768068,0.6538774523435046,0.04011150689174539,0.06935172413793103
144,0.9964430315146997,0.9318932574942795,0.10803463448840091,0.17267168467737862,0.9513333124772244,0.6542391229392214,0.03972433018429612,0.06924137931034482
145,0.9964900793867496,0.9318819008847088,0.1074611779642626,0.1723600010848829,0.9518322287743198,0.6543842223888173,0.03964689484280626,0.06940689655172413
146,0.996544968570808,0.9319055765283903,0.1067157354549977,0.17225455672106033,0.9524855056834208,0.6541819653304711,0.03925971813535697,0.06918620689655172
147,0.9966194610348871,0.9319256430800472,0.10616192521898912,0.17226263598215863,0.9534543057253004,0.6537949669475022,0.03910484745237727,0.06918620689655172
148,0.9966697761202737,0.9319391651448329,0.10558304983435832,0.17199963188488038,0.9540174036985034,0.6540365347832586,0.03879510608641784,0.06924137931034482
149,0.9967132767321295,0.9319081750746481,0.104987632521705,0.17187833611519107,0.9545716098242567,0.6538582715346151,0.03856280006194827,0.06913103448275862
150,0.9967362405744395,0.9319217452606606,0.10474336065243842,0.17162973642038856,0.9549018762436154,0.6540343930143863,0.03848536472045842,0.0688
151,0.9967898228731631,0.9321081187728125,0.10380141560593513,0.1710100774663661,0.9555032552375382,0.654564379664365,0.03817562335449899,0.06841379310344828
152,0.9968715032065832,0.932354980667297,0.10275247056648905,0.17033080116538332,0.9564994255780985,0.6551557930015082,0.03740126993960043,0.06824827586206897
153,0.9969251788542592,0.9324175382623906,0.10199461654509047,0.16988445709786248,0.9571721465908304,0.6554699374755488,0.03724639925662072,0.06802758620689656
154,0.9969967775008114,0.9324661407016556,0.10141634907850726,0.16951941212740856,0.9580133181359051,0.656325094510405,0.03678178720768158,0.06797241379310345
155,0.9970644554913595,0.9325605786096334,0.10072894561584976,0.16924215944167548,0.9587967840660434,0.6560729924363421,0.03678178720768158,0.06764137931034482
156,0.997115704066271,0.9325836046167505,0.10007367380782173,0.1689895995074594,0.9593898936228794,0.6559068584119365,0.03639461050023231,0.06769655172413794
157,0.9971777811196703,0.9326848035571211,0.09947927637881503,0.16875065777546502,0.9601744401874406,0.6562669639832552,0.03631717515874245,0.06714482758620689
158,0.9971863692232984,0.9326065584420271,0.09940366384878463,0.16876076546535698,0.9603362731558917,0.6563750655245987,0.03639461050023231,0.0672
159,0.9972201615440962,0.9325830271620266,0.09895779111760594,0.168547969796576,0.960693536297194,0.6562337900115733,0.03631717515874245,0.06764137931034482
160,0.9972369643555427,0.9324761980380976,0.09867774305855621,0.16857118739088806,0.960875817879876,0.655994372511071,0.03631717515874245,0.06764137931034482
161,0.997253953864894,0.9325554536989584,0.09829799470832858,0.16853162020866694,0.9611090953207647,0.6560962528750416,0.03631717515874245,0.06764137931034482
162,0.9973125770070514,0.932471867127668,0.09765404665733655,0.16850953169752972,0.9617865277749666,0.6558678287659622,0.03616230447576274,0.0672551724137931
163,0.9973295665164028,0.9324925592552759,0.09745021139312114,0.1684027595808264,0.9619879513527939,0.6561579525474459,0.03592999845129317,0.06747586206896551
164,0.9973664393526325,0.9324831274947849,0.09687557287440209,0.1682656068506779,0.9624026439590668,0.655960027192412,0.03577512776831346,0.0673655172413793
165,0.9973999516265728,0.9324290873568695,0.09640844040448493,0.16802949739815828,0.9627962508981733,0.6557971360191049,0.0356976924268236,0.06714482758620689
166,0.9974569878365381,0.9325089204724543,0.09584587064695278,0.16776226931277918,0.9634605247232833,0.6557882918801454,0.03562025708533375,0.06703448275862069
167,0.9974909668552409,0.9325023278643559,0.09509726148842192,0.16719311008238363,0.9638290306193715,0.6559905060788782,0.0350007743534149,0.06653793103448276
168,0.997513370603836,0.9325265569021479,0.09484877051304143,0.16687636925773214,0.9641070150477228,0.6562787865456795,0.03484590367043518,0.06626206896551724
169,0.9975214919627019,0.932500403015276,0.09454539190796644,0.16682281547888855,0.9642313393016712,0.6559718111757264,0.03438129162149605,0.06637241379310345
170,0.9975210252179395,0.9325772526147872,0.09420522525138807,0.16679753545448667,0.9641888058635512,0.6560829859021614,0.03430385628000619,0.06626206896551724
171,0.9975546308408323,0.9328284935409283,0.0935527523196351,0.16635245555218728,0.9645488224924511,0.656103145748673,0.03368437354808735,0.06593103448275862
172,0.9975665795067498,0.9329686706751649,0.09334744928100314,0.16618552089045305,0.9647397750446169,0.656055980626822,0.03399411491404677,0.06604137931034483
173,0.9976020521086921,0.9329610675212997,0.09256280565541983,0.16579616696587282,0.9651712787036822,0.6566456610494845,0.0337618088895772,0.06587586206896552
174,0.9976294033517689,0.933118351751733,0.09209470134597325,0.1654623659179241,0.9654815195988203,0.6570088472425685,0.03329719684063807,0.06582068965517242
175,0.9976753310363891,0.9332507091865828,0.09129407161171438,0.1649950893457433,0.9660746198629468,0.6573252873928015,0.03291002013318878,0.0656
176,0.9977104302425215,0.9332600447046199,0.09087352893966659,0.16484382976507608,0.9665524062188392,0.657536025548108,0.03283258479169893,0.06565517241379311
177,0.9977327406421642,0.9333500313991007,0.09040570038912064,0.1648023082549491,0.9668916223592567,0.6576727807245439,0.03267771410871922,0.0655448275862069
178,0.9977567313229516,0.9334705510121097,0.09002194222064264,0.1645946105958926,0.9671656174963282,0.6585834004216411,0.03252284342573951,0.06515862068965517
179,0.9978141409287269,0.9334768308322325,0.0893395040626406,0.16453201323145727,0.9680297965685687,0.6580660819378978,0.03213566671829023,0.06521379310344827
180,0.997838878401134,0.9333872291075678,0.08909028745102551,0.1645374129219101,0.9683458710453873,0.6580219940491959,0.03213566671829023,0.06510344827586206
181,0.9978702436491674,0.9334537807645019,0.0887002113720811,0.16438369294952537,0.9687353464907988,0.6582185034470209,0.03205823137680038,0.06515862068965517
182,0.9978962880069093,0.9333921855939483,0.08829991161222518,0.1643316307065607,0.9691490805147093,0.6581984488944309,0.03190336069382066,0.06526896551724137
183,0.9979375482439055,0.9333106441748051,0.08776705405536595,0.1641816059340233,0.9696639577349989,0.658382266382121,0.03167105466935109,0.06466206896551724
184,0.9979732075437528,0.9332617048869513,0.08752357504683887,0.16416023378153974,0.9701262149572801,0.6582707780533747,0.03136131330339167,0.06471724137931034
185,0.9980127874996044,0.9333234203605724,0.086867424769278,0.16387057375539382,0.970674842353334,0.6581643182404343,0.0311290072789221,0.06455172413793103
186,0.998019135228373,0.9334714412548091,0.08679543934226493,0.1637212009216964,0.9707760208290828,0.6586663195910846,0.03105157193743224,0.06455172413793103
187,0.9980762647872908,0.9335186241178778,0.08612484860691808,0.163343911339675,0.9715860895815572,0.6590242667661154,0.03074183057147282,0.06449655172413793
188,0.9981072566395143,0.9335937654138305,0.08555010521128166,0.16304844163157978,0.9720384853533451,0.6588940557530146,0.03050952454700325,0.0639448275862069
189,0.9981531843241345,0.9336629156170224,0.08481396758861627,0.1626394736107776,0.9726963583790066,0.6592433220811335,0.0304320892055134,0.0639448275862069
190,0.9981959381443704,0.9335317371522339,0.08420398435421193,0.16267559850747568,0.973217614390918,0.658962063343528,0.03004491249806412,0.064
191,0.9982296371162156,0.933559936191253,0.08400726050668927,0.16273743014102962,0.9737855527198603,0.6589106505792884,0.02965773579061484,0.06411034482758621
192,0.9982393454072735,0.9334899198059752,0.0837312983479081,0.1628863748118731,0.9739410470485118,0.6588239170012772,0.02950286510763513,0.06427586206896552
193,0.9982707106553068,0.9334968011414355,0.08332540543240519,0.16282233548183156,0.974363144418622,0.6590189420745246,0.02927055908316556,0.06438620689655172
194,0.9982882602583731,0.933433666091618,0.08308234239893941,0.1626631422722672,0.9746212573116704,0.6591456978070291,0.02896081771720613,0.064
195,0.9983130910797328,0.933444108397876,0.08275239349933142,0.16238276827951073,0.9749544882931347,0.6592345401955727,0.02872851169273656,0.06372413793103449
196,0.9983257865372701,0.9334744728921098,0.08244379959296193,0.1621790891348577,0.9751398338680133,0.6595336140086774,0.02872851169273656,0.06355862068965518
197,0.9983649930973117,0.9336616644651206,0.08188986287848804,0.16192934385615176,0.975700909731454,0.6597502129631585,0.02880594703422642,0.06350344827586207
198,0.9983953315068678,0.933725521333343,0.08134924760893672,0.16157587068666432,0.9761481574107974,0.6601206151538018,0.02865107635124671,0.06350344827586207
199,0.99842025567718,0.9337550677667179,0.08097136442811416,0.16156583021304666,0.9764962155545948,0.6599427440587778,0.02841877032677714,0.06350344827586207
200,0.9984625427526533,0.9336686420430348,0.08056965673180841,0.1615816397104854,0.9771229272717107,0.6596783370308184,0.02826389964379743,0.06344827586206897
201,0.9984786921214325,0.9336142169353034,0.08054253947540115,0.16163377169452783,0.9773513733696628,0.6599577417190565,0.02826389964379743,0.06344827586206897
202,0.9985099640205133,0.933618547845733,0.08006184844768093,0.16145056382755926,0.9777502559800878,0.6598224722681331,0.02795415827783801,0.06355862068965518
203,0.9985515043043669,0.933671649619722,0.07945357337620085,0.16107624016757813,0.9782698204459638,0.6600095114791326,0.02748954622889887,0.06322758620689656
204,0.9985715743291501,0.9336015129313767,0.07897538119437715,0.1608904912849029,0.9786146998763992,0.6599614272102042,0.0272572402044293,0.06317241379310345
205,0.9985794156411584,0.93338559298585,0.07887785685262709,0.16107479792662158,0.9787342986512958,0.6595090091112876,0.02748954622889887,0.06333793103448276
206,0.998602099436611,0.9334005346268319,0.07860401091893009,0.1610202401935428,0.9790210195753769,0.6595429989231835,0.02733467554591916,0.06317241379310345
207,0.9986321577993097,0.9333369905465849,0.0782235011446742,0.1609790850359842,0.9794503209963886,0.6594027613568378,0.02733467554591916,0.06333793103448276
208,0.9986411192987478,0.9333146141760322,0.07814412231604423,0.160925393388047,0.9795813009116873,0.6599079904325533,0.02741211088740901,0.06300689655172413
209,0.9986474670275164,0.933200663110508,0.07788936175329404,0.16088899114667798,0.9796666798758046,0.6600418219053229,0.0272572402044293,0.06289655172413793
210,0.9986830329784113,0.9332780901647431,0.07738626184795283,0.1606346129657203,0.9801451298334718,0.6601603404765746,0.02694749883846988,0.06333793103448276
211,0.9987185989293061,0.9333665851011869,0.07697185221787245,0.1604726899810039,0.9806348088603083,0.6601288911482992,0.02687006349698002,0.06300689655172413
212,0.998740349235234,0.9333731777092852,0.07651489530946988,0.16030127670552163,0.9809224087317825,0.6600830095581194,0.02671519281400031,0.06278620689655172
213,0.9987624262624956,0.9333781823168927,0.07615985521104703,0.16024372481882956,0.9812381878696205,0.6598651374229196,0.02625058076506117,0.06289655172413793
214,0.9987803025868955,0.9333861704405739,0.07570620291436041,0.16010735923485261,0.9815087541167739,0.6602803454026631,0.02625058076506117,0.06295172413793103
215,0.9987948650234824,0.9333493577019227,0.0754484945846577,0.16014974221505007,0.9816690531409354,0.6602629377863367,0.02609571008208146,0.06295172413793103
216,0.9987964519556746,0.933346133579714,0.07548472276674142,0.16020963089873028,0.9816908579072384,0.6603403895898337,0.02609571008208146,0.06300689655172413
217,0.9988109210433089,0.9334038068702676,0.07518248906781161,0.160051287120058,0.9818903102398757,0.6608028868995719,0.02594083939910175,0.06295172413793103
218,0.9988326713492368,0.933457798886956,0.07477834885694058,0.1599849807132722,0.9821808425510795,0.6608637934907979,0.02578596871612204,0.06278620689655172
219,0.9988401392654352,0.9334579191900235,0.07452384761851866,0.1597855844603486,0.9823183615387697,0.6611022795723008,0.02563109803314233,0.06295172413793103
220,0.9988652501336523,0.9335721349222963,0.07405732667099815,0.1594531415593947,0.9826912959081262,0.6615987792488949,0.0253213566671829,0.06300689655172413
221,0.9988746783778528,0.9336068303269597,0.07395739912869853,0.1594624240788294,0.9828376328932434,0.6616550077594673,0.02524392132569305,0.06284137931034482
222,0.99889978924607,0.9335811576523578,0.07341456588502657,0.15937221842940277,0.9832044231967971,0.661603125639859,0.02524392132569305,0.06273103448275862
223,0.9989129514483697,0.9336387828216843,0.07283505317101864,0.15928437782229157,0.9834257372216775,0.6616657185257315,0.02516648598420319,0.0625103448275862
224,0.9989350751501075,0.9336786993794768,0.07244176856630691,0.15921331002726702,0.9837068506066291,0.6617370177500874,0.02493417995973362,0.0625103448275862
225,0.9989660670023308,0.9335377041843813,0.07185489273604938,0.15922292289210258,0.9841550208816254,0.6614114442504844,0.02446956791079449,0.0625655172413793
226,0.9989852968865417,0.933550937521805,0.07147440324031107,0.15912676566154735,0.9844087532466007,0.6614377172466956,0.02415982654483506,0.06228965517241379
227,0.9990200226968643,0.9335258182413135,0.07087194364232857,0.15898843929340326,0.9848749983043754,0.6613111727792289,0.02369521449589593,0.0625655172413793
228,0.9990359853677384,0.933618932815549,0.07057880042101895,0.1587875666732627,0.9851208514036114,0.6614071106752398,0.02346290847142636,0.0625655172413793
229,0.9990626831681477,0.9336333210624205,0.0700213084641997,0.15867868554124584,0.9854603389016849,0.661490926873063,0.02377264983738578,0.06228965517241379
230,0.9990720180633957,0.9335871246845052,0.06979648700906159,0.15863052447668982,0.9855786848815492,0.6614232932594232,0.02354034381291622,0.0624
231,0.9990881674321748,0.9336901522315016,0.06922137109190679,0.1583716988343661,0.9857835541993906,0.6615952590109703,0.02330803778844665,0.06217931034482758
232,0.9990970355826604,0.9337182550280667,0.06902526719383839,0.1582162213394338,0.9859172697635823,0.6617935524670912,0.02315316710546694,0.06234482758620689
233,0.9991030099156191,0.933720444543895,0.06869295263260716,0.1579846355787699,0.9859796321554032,0.6618394251636094,0.02299829642248722,0.06206896551724138
234,0.9991144918367741,0.9337003539316245,0.06825315491182789,0.15786214998490658,0.9861426001264587,0.6618008190915843,0.02253368437354809,0.06212413793103448
235,0.9991311079503156,0.9337416900656133,0.06760652504652731,0.15786280260493032,0.9863818816666583,0.6614561445301765,0.02230137834907852,0.06201379310344828
236,0.99914557703795,0.9337092322980052,0.06736478703182143,0.15781878659491194,0.9866022250110523,0.6615772685184006,0.02237881369056837,0.06195862068965517
237,0.9991529516051959,0.9336827175019309,0.06718974801440297,0.15771559776549413,0.9867449619563264,0.6619091083404894,0.02230137834907852,0.06179310344827586
238,0.99916891427607,0.9337586768587426,0.06682494444034859,0.15757309511080303,0.9869731189761815,0.6618984766146786,0.02206907232460895,0.06179310344827586
239,0.9991926249099999,0.9337062728425449,0.06636028387618866,0.15734354616732635,0.9873210038654611,0.6616327575612776,0.02183676630013938,0.06162758620689655
240,0.9992038267842975,0.9337872127463506,0.06599749435601472,0.1571877271278717,0.9874838445163381,0.6616865821385861,0.02152702493417996,0.06173793103448276
241,0.9992146552627852,0.9338194539684372,0.06590669555780583,0.15711722297007058,0.9876336199170185,0.6619273033861799,0.02160446027566982,0.06162758620689655
242,0.9992311780273742,0.9338877379895433,0.06549000833806976,0.15686135573555948,0.9878832952047968,0.6619815993340119,0.02137215425120025,0.06140689655172414
243,0.9992491010262504,0.933860357011383,0.06511607935182054,0.15684615957110654,0.988143054762794,0.6620308884052911,0.02121728356822054,0.06146206896551724
244,0.9992621698795976,0.9338676233166593,0.06468758455513501,0.15689886065912775,0.9883089900511846,0.6617120644948706,0.02106241288524082,0.06140689655172414
245,0.9992687976552237,0.9338911064754329,0.06444461687559365,0.1567981149344717,0.9884410539933477,0.6617527548460024,0.02083010686077126,0.06096551724137931
246,0.9992776658057093,0.933881289745126,0.06424897644945893,0.15673815048003592,0.9885573784305162,0.6618008431237911,0.02059780083630169,0.06113103448275862
247,0.999290828008009,0.9339396607934709,0.06386984131179925,0.15652569653884857,0.9887814440890382,0.6621036702480839,0.02028805947034227,0.06096551724137931
248,0.9993153787825112,0.9339261627892989,0.06336655359147031,0.15645689977075813,0.9891461377009426,0.6616302779333675,0.01997831810438284,0.06063448275862069
249,0.9993150053867013,0.9338762129556779,0.06321686262985544,0.15647459849886383,0.9891184779626806,0.6615752562574544,0.02021062412885241,0.06057931034482759
250,0.9993348887135796,0.9338451988248796,0.06291240919359435,0.15650921648411495,0.9894181265765252,0.661553593394828,0.02013318878736255,0.0607448275862069
251,0.9993361022499618,0.9338246510609528,0.06287029382443554,0.15660590653938325,0.9894617025446599,0.6616976699566741,0.0200557534458727,0.0607448275862069
252,0.9993367556926291,0.9337555971002148,0.06266878838269742,0.1567911296905452,0.9894557066966813,0.6610153783613687,0.01990088276289298,0.06041379310344828
253,0.9993501045928338,0.933792554202547,0.06232843598364395,0.15660870930917223,0.9896725823315345,0.6612692714438497,0.01974601207991327,0.06052413793103448
254,0.9993587860454145,0.9338017934781301,0.06210810970638457,0.15647751194191775,0.9897712738689145,0.661418882421303,0.01974601207991327,0.06068965517241379
255,0.9993654138210405,0.9338437551880698,0.06187607768147849,0.1565152946200521,0.9898968544246092,0.6615419980274475,0.01959114139693356,0.06052413793103448
256,0.9993663473105653,0.9337540572209511,0.06179697696553044,0.15669654215717135,0.9899168567521011,0.6613487326486086,0.01959114139693356,0.06068965517241379
257,0.9993798362341987,0.9337625265569022,0.06148398158014909,0.15670695924711622,0.990110217018621,0.6612552177518146,0.01959114139693356,0.06091034482758621
258,0.9994011197953642,0.9337663762550618,0.06105350205516407,0.15663888404899767,0.9904551817710694,0.6610339584273441,0.01928140003097414,0.06113103448275862
259,0.9994103146671834,0.933920027332857,0.0608256530016561,0.15651700210886915,0.9906115597564044,0.661243097677745,0.01889422332352486,0.06107586206896552
260,0.9994106880629934,0.933958428071999,0.06071705119503026,0.15639741808303576,0.9906082239341474,0.6619017300328592,0.018816787982035,0.06091034482758621
261,0.9994245037079604,0.9339857368683187,0.06035785863590029,0.1564130583459686,0.9908258934341286,0.6617894330643405,0.01889422332352486,0.0607448275862069
262,0.9994412131704543,0.9340971134481987,0.05998454712761735,0.15629205813637356,0.991087970970642,0.6616709886554258,0.018816787982035,0.06091034482758621
263,0.9994393461914047,0.9340756995021859,0.05988504384650875,0.15631573840997479,0.9910525772498916,0.661695178858373,0.01889422332352486,0.06096551724137931
264,0.99944970792513,0.9340487034938417,0.05968125760345603,0.15634853743795699,0.9912062792536293,0.6615520095965253,0.01873935264054515,0.06063448275862069
265,0.9994597896119979,0.9341318088528622,0.05953052166966361,0.15637944084359254,0.9913732327880855,0.6619532169234529,0.01850704661607558,0.06035862068965517
266,0.9994634302211446,0.9341606815890592,0.05922348396605363,0.15639682068676278,0.9914099150732705,0.6619500147651923,0.01858448195756543,0.06019310344827586
267,0.9994746320954422,0.9341532227988749,0.05904009796021476,0.1563241965783441,0.9915868174566043,0.6623272610621337,0.01858448195756543,0.06030344827586207
268,0.9994877942977419,0.9341344555203469,0.05879425000202489,0.1562961153465235,0.9918358514586813,0.662347100836328,0.01827474059160601,0.06035862068965517
269,0.9994933952348907,0.93405529610194,0.05860513401904559,0.1562558408062658,0.9919085405185943,0.6620736641486472,0.01804243456713644,0.06046896551724138
270,0.9995017966406139,0.93405529610194,0.05835747599088347,0.15617592271198738,0.992049815464034,0.6621977033289769,0.01827474059160601,0.06024827586206897
271,0.9995052505518557,0.9340831582923701,0.05809904640635077,0.1560809959663552,0.9920858960549952,0.6624405936871562,0.0181198699086263,0.06030344827586207
272,0.9995112248848144,0.9340190126967858,0.05789403285756843,0.1559756516427187,0.9921502670560646,0.6624526087169468,0.0181198699086263,0.06024827586206897
273,0.9995125317701491,0.9340327753677063,0.0578288043727834,0.15601224577223324,0.9921758979350128,0.6625967546612008,0.01804243456713644,0.06019310344827586
274,0.9995189728478703,0.9340795492003455,0.05753480868404233,0.15590426121453116,0.9922897486621428,0.6625872946551522,0.01796499922564658,0.06008275862068965
275,0.999527094206736,0.9340899433853764,0.05713326033338621,0.15575999314571842,0.9924313765573015,0.6626309362624048,0.01788756388415673,0.05997241379310345
276,0.9995298013263579,0.9340991345397325,0.05674023951718277,0.15566303294506226,0.9924700279275379,0.6627287983536077,0.01765525785968716,0.05958620689655172
277,0.999536615799889,0.9341566394059916,0.05652025345697283,0.1556118482010383,0.9925895354395909,0.6627757256751182,0.01765525785968716,0.05986206896551724
278,0.999550431444856,0.9340288775483198,0.05635429933808644,0.15565428160920716,0.9928446084896156,0.6627753729901121,0.01750038717670745,0.05991724137931034
279,0.999557806012102,0.9340106396032886,0.05616211229158377,0.1556186293421568,0.9929722965216226,0.6627903643240088,0.01750038717670745,0.05980689655172414
280,0.9995658340220153,0.9340566916175229,0.05584073312746039,0.15554647771535876,0.9931026594562077,0.6630015128143084,0.01726808115223788,0.05991724137931034
281,0.9995717150060215,0.9340472117358048,0.05544494079300677,0.15539650414175663,0.9932036771375456,0.6631210591544313,0.01672603376180889,0.06002758620689655
282,0.9995709682144016,0.9340756995021859,0.05531646307321,0.1553076886081229,0.9931841437124448,0.6634024508224582,0.01672603376180889,0.05964137931034483
283,0.9995738620319286,0.934026904578013,0.05518645861642953,0.15529621754381745,0.9932278423933154,0.6633469205327529,0.01664859842031903,0.05975172413793103
284,0.9995827301824142,0.9339444729161704,0.05502213493287033,0.15545002916078063,0.9933883224600837,0.6630805096064304,0.01672603376180889,0.05975172413793103
285,0.9995847838593687,0.93398691583838,0.05496422540271746,0.15543574826924536,0.9934229496862467,0.6633188656500458,0.01672603376180889,0.05975172413793103
286,0.9995925318224246,0.9340323422766633,0.05468575162690643,0.15529441950806147,0.9935302299538679,0.6635191913706232,0.01649372773733932,0.05958620689655172
287,0.9995948655462366,0.9340224774251293,0.05450300885091473,0.15519807201111088,0.9935613640550444,0.6635105693920598,0.01649372773733932,0.05958620689655172
288,0.9995940254056642,0.9340200232425526,0.05441808727734582,0.1552215606649866,0.9935364930152015,0.6634889886958077,0.01680346910329875,0.05947586206896552
289,0.9995990662490981,0.9339585243144529,0.05410763680568805,0.15525695437267983,0.993614772684532,0.6631841568708855,0.01649372773733932,0.05986206896551724
290,0.999606814212154,0.9339300365480719,0.05373453666544178,0.15522754651043416,0.9937387240336008,0.662847605895028,0.01610655102989004,0.05953103448275862
291,0.9996109215660631,0.9338600682840211,0.05359458204162536,0.15526890892201337,0.9937961095601487,0.6626254270912364,0.01610655102989004,0.05953103448275862
292,0.9996156823626395,0.9339279673353111,0.05338883537796266,0.1552616566008896,0.9938582047722674,0.6625380150495467,0.01610655102989004,0.05958620689655172
293,0.9996196963675962,0.93391997921163,0.05319194389469067,0.1552075307346445,0.9939273577761768,0.6626383599164676,0.01602911568840019,0.05953103448275862
294,0.9996225901851231,0.9339854240803432,0.0530895906571555,0.15518810342387837,0.9939621274035476,0.6631519742571864,0.01602911568840019,0.05958620689655172
295,0.9996266975390322,0.9339242620008325,0.05298542988443926,0.1552106250737266,0.9940190070521316,0.6632103018727615,0.01602911568840019,0.05980689655172414
296,0.9996310849397988,0.9339212303635318,0.05286190506463744,0.15517443040994763,0.9940843712604,0.6632606121207196,0.01587424500542048,0.05953103448275862
297,0.999634632199993,0.9339176453321206,0.0527487203530903,0.15509952777990005,0.9941396974549837,0.6634934092416819,0.01571937432244076,0.05925517241379311
298,0.9996448072358134,0.9339321298214461,0.05247403695706235,0.15500213550861305,0.9942998958433616,0.6635896204659711,0.01533219761499148,0.05936551724137931
299,0.9996449939337183,0.933924767273716,0.05241043509985275,0.15502866150219582,0.9942992961844223,0.6634732146753591,0.01548706829797119,0.05947586206896552
300,0.9996517150582969,0.933953832494821,0.0521739643307047,0.1549463198108135,0.994423710755791,0.663312455281148,0.01548706829797119,0.05947586206896552
301,0.9996557290632535,0.9339855684440241,0.05200142900147087,0.15494460270211627,0.9944755452679879,0.6635093639887094,0.01517732693201177,0.05942068965517242
302,0.9996680511249809,0.9340457921596085,0.05161733006444793,0.15478438575470946,0.9946798236331382,0.663595223056654,0.01479015022456249,0.05925517241379311
303,0.9996677710781234,0.9340272654872154,0.05153625415707534,0.15481898247312417,0.9946715825591518,0.6636448537823615,0.01486758556605235,0.0591448275862069
304,0.9996764525307041,0.9339937971738403,0.05126132251781157,0.15483294703364112,0.9947839445227467,0.6633543948968492,0.01479015022456249,0.05936551724137931
305,0.9996847605874748,0.9339054225404639,0.05087288636205323,0.15483617035225405,0.9949001846188796,0.6632960481875898,0.01448040885860307,0.05903448275862069
306,0.9996911083162435,0.9338995998719976,0.05072780942616738,0.15483815226801853,0.994998447024126,0.6631760482954526,0.01471271488307263,0.0590896551724138
307,0.9996934420400555,0.933880375441813,0.05069179260322019,0.15491358069989203,0.995033479853808,0.6632911403894285,0.01463527954158278,0.0591448275862069
308,0.9997006299093965,0.9339325869731027,0.05045983713905215,0.15482394504840424,0.9951401517471645,0.663367528391835,0.01471271488307263,0.0591448275862069
309,0.9997055774038779,0.9339185836960471,0.05024486523579381,0.15481992039686523,0.9952271656850772,0.6632158875736637,0.01455784420009292,0.05903448275862069
310,0.9997066975913076,0.9338521523421804,0.05018706524594879,0.15482685460786372,0.9952448724214191,0.6633034723700884,0.01455784420009292,0.05925517241379311
311,0.9997097781067394,0.9337852157154303,0.05009320388885077,0.15496870067636062,0.9953063811996534,0.6632896480074166,0.01455784420009292,0.0591448275862069
312,0.9997149122991259,0.9338182028165354,0.04986407820049081,0.1549417908710032,0.995370685929804,0.6633314876629495,0.01417066749264364,0.05925517241379311
313,0.9997175260697954,0.9338913952027948,0.04980326124892014,0.15497109288248206,0.9954146037383251,0.6635974229364795,0.01417066749264364,0.0592
314,0.999723500402754,0.9339377118837776,0.04955165250057601,0.15489976211601802,0.9955044177818101,0.6635902875355594,0.01401579680966393,0.05925517241379311
315,0.9997333953917169,0.9339269567895442,0.04922267294986642,0.15483753947030035,0.9956614443515384,0.6636900357997443,0.01409323215115379,0.05925517241379311
316,0.9997366626050538,0.9339751261377662,0.04911180456348912,0.154785692554291,0.9957192855377899,0.6639840912553423,0.01386092612668422,0.05931034482758621
317,0.9997401165162955,0.934011674209669,0.048997770241039,0.15471687609053986,0.9957616046277131,0.6640361034920564,0.01393836146817407,0.05931034482758621
318,0.9997442238702047,0.9340636691954372,0.04883762459225943,0.15469759555468568,0.9958117253273567,0.6640088170514984,0.01393836146817407,0.05925517241379311
319,0.9997474910835414,0.9340352776715101,0.04857716746295936,0.1546089428429813,0.9958709146196164,0.6639032457967605,0.01370605544370451,0.0591448275862069
320,0.9997494514115435,0.9341242538202239,0.04850311836881153,0.15459232677605358,0.995898749192104,0.6640432866109035,0.01362862010221465,0.05903448275862069
321,0.9997552390465972,0.9341271410938436,0.04804610827053427,0.15441317551502365,0.9959746433212383,0.6642516466895861,0.01347374941923494,0.05831724137931035
322,0.9997556124424072,0.9341215590315122,0.04794720857428428,0.15440990023960688,0.9959775762308194,0.6642581255686277,0.01347374941923494,0.05826206896551724
323,0.9997599064942213,0.9340496659183816,0.04773342407869337,0.15443484958711456,0.99605070689466,0.6641159376554895,0.01331887873625523,0.05831724137931035
324,0.9997587863067915,0.9339652131650052,0.04771688911771944,0.15459914241532166,0.9960333080824603,0.6640113232049538,0.01331887873625523,0.05837241379310345
325,0.9997597197963163,0.9339905249304047,0.04755182719895486,0.15459188626964038,0.996059247247431,0.6640675080019726,0.01347374941923494,0.05837241379310345
326,0.9997650406866077,0.9340113614216935,0.04740279297458274,0.15457864363927068,0.9961567071242711,0.6639517417559695,0.01355118476072479,0.05848275862068966
327,0.999768027853087,0.934045190644271,0.04725065339382808,0.1545631492657079,0.996197975783784,0.6640203129253658,0.01331887873625523,0.05864827586206896
328,0.9997740955349983,0.9340103508759267,0.04692875033023636,0.1545915416485586,0.9963108344363301,0.6638469117717575,0.01324144339476537,0.05853793103448276
329,0.9997761492119528,0.934113667150285,0.04669190093681667,0.1545579905015039,0.9963486671749403,0.6639938474261268,0.01308657271178566,0.05853793103448276
330,0.99977754944624,0.9340843613230451,0.04653240778924734,0.15449884288943952,0.9963713497599302,0.6640388371031068,0.01308657271178566,0.05837241379310345
331,0.9997823102428165,0.934070045258014,0.04629883406930203,0.1543524351760992,0.9964505578714216,0.6641931093303958,0.01285426668731609,0.05798620689655173
332,0.9997872577372979,0.9339995957816932,0.04602059762687234,0.15427153093798843,0.9965331195149472,0.6640633101627225,0.01254452532135667,0.05831724137931035
333,0.9997880978778703,0.9339890331723678,0.04595118246077495,0.15427566357561967,0.9965449540885932,0.6641728969560785,0.01246708997986681,0.05815172413793104
334,0.9997941655597815,0.9340393679758047,0.04560610641858714,0.15420470341746806,0.9966463176401218,0.6641083378649524,0.01246708997986681,0.05815172413793104
335,0.9997948190024488,0.9340562585264799,0.04544024576106881,0.1541709620224872,0.9966560439767355,0.664105700925569,0.01262196066284652,0.05782068965517241
336,0.9997947256534964,0.9340875854452537,0.04530426959074199,0.15416030997564165,0.9966416256598681,0.6642361452498025,0.01238965463837696,0.05787586206896551
337,0.9998013534291225,0.9340887403547016,0.04509407739749006,0.15424738620804956,0.996759780464231,0.664393246555492,0.01238965463837696,0.05787586206896551
338,0.9998033137571245,0.934133685580715,0.04498308866734632,0.15409334281623926,0.9967903978697441,0.6646141194656147,0.01246708997986681,0.05776551724137931
339,0.9998036871529344,0.9341404225524943,0.04477763284254891,0.15398050731784155,0.9967949905195911,0.6647656195615944,0.01246708997986681,0.0575448275862069
340,0.9998049006893167,0.934182576747342,0.04464113540023077,0.15394534808822882,0.9968142351068271,0.6648994437855806,0.01223478395539724,0.0575448275862069
341,0.9998109683712278,0.9342379161583863,0.04435915815686736,0.15386683682356558,0.9969307720909718,0.6648441573255186,0.01215734861390739,0.0576
342,0.9998154491209469,0.9341979996005938,0.04404679106585747,0.15394176171883742,0.9970106780053202,0.6644752621071666,0.01200247793092768,0.05748965517241379
343,0.9998192764279986,0.9342173683944593,0.04382705320980206,0.15398145381566378,0.9970779566884121,0.6645203870941009,0.01192504258943782,0.05748965517241379
344,0.9998168493552341,0.9342443644028036,0.04379573340657953,0.15401771642759624,0.9970240952683903,0.6646628923075935,0.01200247793092768,0.05737931034482759
345,0.9998176894958064,0.9341775240185074,0.04360777095229816,0.15407322159943332,0.9970293933890009,0.6645308945422613,0.01192504258943782,0.05726896551724138
346,0.999821703500763,0.9342724671993686,0.0434490199113544,0.15396517873147145,0.9970921838193054,0.6644070452222997,0.01177017190645811,0.05743448275862069
347,0.999822263594478,0.9342802387775283,0.04320835867037128,0.15397623538415536,0.9970921515318645,0.6644452142090036,0.01169273656496825,0.05726896551724138
348,0.9998237571777177,0.9342382770675887,0.04300363240387442,0.15398540732489197,0.9971169586910164,0.6643575005083954,0.01130555985751897,0.05743448275862069
349,0.9998271177400069,0.9342350770059935,0.04291238192503837,0.15405144648865987,0.9971882284206521,0.6643914283282913,0.01138299519900883,0.05726896551724138
350,0.999828891370104,0.9341863302030475,0.04275611041536337,0.15393049899369388,0.9972060188108035,0.6645464609602986,0.01130555985751897,0.05726896551724138
351,0.9998293581148664,0.9341596710432922,0.04260899210721831,0.15386336391379254,0.9972129652228232,0.6648998375132281,0.01130555985751897,0.05704827586206897
352,0.9998321585834409,0.9341561581937217,0.04249275695684289,0.15385008335971626,0.9972657083928672,0.6650311129201013,0.01138299519900883,0.05710344827586207
353,0.9998330920729657,0.9342465539186319,0.04242935011547329,0.1538949557200968,0.9972922075898112,0.6648893345186064,0.01122812451602912,0.05737931034482759
354,0.9998374794737322,0.9341678997731084,0.04234004726110242,0.15405108984208613,0.9973629753992781,0.6648258833699735,0.01122812451602912,0.05721379310344828
355,0.9998399065464967,0.9340976427816956,0.04223902609029386,0.15419368930623867,0.9973998752755975,0.6647741057706661,0.0110732538330494,0.05743448275862069
356,0.9998419602234513,0.9340387905210807,0.04207710802046355,0.15420424183937484,0.9974299556309167,0.6648439687055719,0.01099581849155955,0.05715862068965517
357,0.999845227436788,0.9340951645385054,0.04187620865618576,0.1540717724056535,0.9974792701205425,0.6650494304170076,0.01091838315006969,0.05704827586206897
358,0.9998485879990774,0.9340629233164187,0.0416233289500955,0.15394974376246115,0.9975381228501471,0.6650411183175976,0.01091838315006969,0.05693793103448276
359,0.999851621840033,0.9341096730884444,0.04144677499405709,0.15397838588117332,0.9975862091102683,0.6646597026760939,0.01068607712560012,0.05682758620689655
360,0.9998538155404162,0.9341356104297948,0.0411463070266577,0.1539666929426647,0.9976340590879644,0.6648043751212508,0.01053120644262041,0.05710344827586207
361,0.9998615635034721,0.934103513571389,0.04090729268510011,0.1539911034254008,0.997766720208805,0.6646623823927987,0.01060864178411027,0.05704827586206897
362,0.9998624036440444,0.9340888365971556,0.04083900154293932,0.15396920283400972,0.9977798901549393,0.6647694812790188,0.01060864178411027,0.05715862068965517
363,0.9998637105293791,0.9340570765873388,0.04066857619792189,0.1539641798798064,0.9978006996506773,0.6646231068345084,0.01060864178411027,0.05704827586206897
364,0.9998661376021436,0.9340296474879517,0.04041360030257818,0.1540588409612173,0.9978484763639037,0.6642694506403055,0.01045377110113056,0.05704827586206897
365,0.9998702449560527,0.9339850391105272,0.04035511867997273,0.15419151037259796,0.9979296488483145,0.6642319224695242,0.01045377110113056,0.05710344827586207
366,0.999871085096625,0.9338934644155557,0.04027412016961118,0.15419821765890962,0.997941438666242,0.6642749291268953,0.01045377110113056,0.05682758620689655
367,0.999873792216247,0.9338507327659841,0.04017132140878989,0.15431391352296064,0.9979905785630023,0.6640821063054442,0.01053120644262041,0.05704827586206897
368,0.999880419991873,0.9339003216904025,0.03997836580766494,0.15427035003328757,0.9981092783923013,0.6643000015268149,0.0103763357596407,0.05699310344827586
369,0.999880793387683,0.9338778971986228,0.03981502541230547,0.15425032331929087,0.9981158602609244,0.6642452143978083,0.01045377110113056,0.05682758620689655
370,0.9998848073926396,0.9338414213085605,0.03958601725982447,0.15431131304541562,0.9981737283806162,0.6641437417413624,0.01053120644262041,0.05660689655172414
371,0.9998871411164516,0.9338508771296651,0.03947926735793632,0.1543455974816047,0.9982142933870829,0.6639836295889068,0.01053120644262041,0.05666206896551724
372,0.9998906883766459,0.933875443016046,0.03928613612639958,0.15425566983960717,0.9982725162107565,0.6642824615241187,0.01045377110113056,0.05655172413793103
373,0.9998909684235033,0.9338889891414451,0.0390917626338473,0.15417329890131007,0.9982762079970005,0.6646306540666409,0.0103763357596407,0.05644137931034483
374,0.9998921819598855,0.9338873048985002,0.03888663339981624,0.15417771766083535,0.9982953315865274,0.6645596232525831,0.0103763357596407,0.05627586206896552
375,0.9998933954962678,0.9339251763041454,0.03872344435767395,0.1541484724952206,0.9983180773372932,0.664678735447277,0.01029890041815084,0.05633103448275862
376,0.9998938622410302,0.9339497181299129,0.03858885303738761,0.15410706714299735,0.9983258247600144,0.6648570215700572,0.01014402973517113,0.05633103448275862
377,0.9998952624753173,0.9339554445559253,0.03842977200270961,0.1541721233010954,0.9983519658969008,0.6647082626913579,0.01006659439368128,0.05622068965517241
378,0.9998959159179848,0.933920123575311,0.03826132994306058,0.1541680661227662,0.9983631054324279,0.6648019099503464,0.00991172371070156,0.05616551724137931
379,0.9998985296886542,0.9339542415252504,0.03818157928589704,0.15406218046843353,0.998402259045492,0.6649488269218952,0.00991172371070156,0.0560551724137931
380,0.9998988097355116,0.9339349930344524,0.03815421682846748,0.15415981481393393,0.9984051780281037,0.6647521105411333,0.00991172371070156,0.05622068965517241
381,0.9998993698292264,0.9338965441740833,0.03799202569526234,0.15420173634483544,0.9984230478333783,0.6645891216430456,0.00983428836921171,0.05638620689655172
382,0.9999000232718939,0.9339344155797284,0.03790451862555558,0.15430174179966616,0.9984337337932352,0.6646476282579582,0.00975685302772185,0.05622068965517241
383,0.999901423506181,0.9340025552371535,0.03780227997147061,0.15420453662873473,0.9984580090370657,0.6649844238159137,0.00983428836921171,0.05616551724137931
384,0.9999027303915158,0.9340515426462344,0.03775134189152523,0.15420803004972278,0.9984778168929876,0.6649830198664837,0.00975685302772185,0.05622068965517241
385,0.9999032904852306,0.9340568359812038,0.0375681159029697,0.15420529060670418,0.9984904007171813,0.6649599309753875,0.009679417686232,0.05616551724137931
386,0.9999045040216129,0.9340091719058653,0.03744885863892383,0.15425952856957642,0.9985113543733471,0.6649395292941955,0.009679417686232,0.05611034482758621
387,0.9999054375111377,0.93400253117654,0.03736840964904425,0.15439934641915917,0.9985375599633922,0.6647170165413665,0.009679417686232,0.05616551724137931
388,0.9999065576985675,0.933972840379484,0.03723406593491548,0.15437111278728638,0.9985567453464771,0.6647033194959897,0.00952454700325229,0.056
389,0.9999059042559001,0.9340271451841479,0.03712470331818773,0.15446880520427883,0.9985470770987973,0.6645901858807994,0.009679417686232,0.0559448275862069
390,0.9999040372768505,0.9339829698977664,0.03702238426053253,0.1544760608829046,0.9985148004795656,0.6645449110248675,0.00944711166176243,0.0560551724137931
391,0.9999055308600902,0.933939372066109,0.03697334010941749,0.15465019613652528,0.9985357462586834,0.6644882366603421,0.00929224097878272,0.05622068965517241
392,0.999908798073427,0.9339204123026729,0.03680267263663084,0.1546855590015934,0.9985851620553686,0.6643748483459518,0.00905993495431315,0.05627586206896552
393,0.9999107584014291,0.9339165626045133,0.03668071511155799,0.1548122693799844,0.9986260463756905,0.6643102774527969,0.00898249961282329,0.05644137931034483
394,0.9999132788231461,0.9339526054035325,0.03649107524637374,0.15470286049177123,0.9986649432930902,0.6644593965743394,0.00882762892984358,0.05638620689655172
395,0.9999150524532432,0.9339359554589923,0.036387596818283,0.15466303045072693,0.998690630762105,0.6646119250642009,0.00875019358835372,0.05611034482758621
396,0.9999188797602948,0.9339819834126131,0.03620897504476872,0.1545634912277938,0.9987580765847014,0.6646661585959011,0.00875019358835372,0.05627586206896552
397,0.9999185063644849,0.9339986092965399,0.03616276145999214,0.15454394281826667,0.9987525782200722,0.6647832798761731,0.00867275824686387,0.05611034482758621
398,0.9999187864113424,0.9339350892769064,0.0360200311303947,0.1546961787947221,0.9987577475147401,0.6645207475907241,0.00875019358835372,0.056
399,0.9999188797602948,0.9338592021019352,0.03582390876194322,0.15476385574441912,0.9987627174690901,0.6643389503766419,0.00890506427133344,0.05588965517241379
400,0.9999186930623899,0.9337830743208291,0.03580658031507525,0.15486892436219507,0.9987594194734242,0.6642594498005653,0.00890506427133344,0.05583448275862069
401,0.9999234538589663,0.9337312477593553,0.03565644577912979,0.15485994749972917,0.9988349064955684,0.6641303674884468,0.00867275824686387,0.05588965517241379
402,0.9999239206037287,0.9338328797907689,0.03549023169413845,0.15482412087841904,0.9988426794503642,0.6643671170930942,0.00875019358835372,0.056
403,0.9999250407911585,0.9338336016091738,0.03541522539556528,0.15481506182347607,0.9988591131694183,0.6644158884873089,0.00875019358835372,0.05583448275862069
404,0.9999266277233507,0.9338407235507691,0.0353577054572133,0.15486120243639115,0.9988843434342812,0.6643540456465099,0.00867275824686387,0.05588965517241379
405,0.999927654561828,0.9337585806162886,0.03529012547426549,0.15500065207660377,0.9988990780337802,0.6641907893687242,0.00867275824686387,0.05588965517241379
406,0.99992998828564,0.9337515067959202,0.03520923277937873,0.1550978328919684,0.9989414907616846,0.6640054635823367,0.00851788756388416,0.05577931034482759
407,0.9999332554989767,0.9337433261873311,0.03510539232118531,0.15516599651027044,0.9989921120683306,0.6639536846589431,0.00851788756388416,0.05566896551724138
408,0.9999347490822165,0.9337717177112582,0.03498566231828477,0.15520129886895953,0.9990151174150169,0.6639711619342582,0.00836301688090444,0.05588965517241379
409,0.9999375495507908,0.9337749177728534,0.03471650995462255,0.15520653609325943,0.9990566181786343,0.6639027276697678,0.00813071085643488,0.05588965517241379
410,0.9999377362486958,0.933783266805737,0.03459826402190831,0.15513830370964635,0.9990577254461059,0.6640818857947134,0.00797584017345516,0.05583448275862069
411,0.999939136482983,0.9337723914084362,0.03446186603644611,0.15512167707608193,0.999079414836171,0.6639387383123099,0.00789840483196531,0.05588965517241379
412,0.9999406300662227,0.933676678287943,0.03432869568829713,0.1552439206612436,0.9991003427508771,0.6638559742029881,0.00782096949047545,0.056
413,0.9999417502536524,0.9336269690604571,0.03422011840308695,0.1552933259910104,0.9991153058694427,0.6638275354159486,0.00797584017345516,0.056
414,0.9999428704410822,0.9336190049973895,0.03412845112642597,0.15538106238494978,0.9991348499786042,0.6638041725089521,0.00782096949047545,0.0559448275862069
415,0.9999428704410822,0.9336449182781262,0.03403032111364433,0.1553335938090886,0.999134009513643,0.6637430443605215,0.00766609880749574,0.05588965517241379
416,0.9999424970452723,0.933583587774321,0.03394014929104541,0.15544669854341828,0.9991262580029273,0.6636701401198656,0.00758866346600588,0.05577931034482759
417,0.9999430571389871,0.9335971820209472,0.03380169027846571,0.15545620102582786,0.9991376972440269,0.6637669515863748,0.00758866346600588,0.05566896551724138
418,0.9999435238837495,0.933579858379229,0.03375873247075986,0.15552723890353845,0.9991452760206229,0.6637139704615236,0.00751122812451603,0.05572413793103449
419,0.9999434305347971,0.9335500954003325,0.03365647765456841,0.1555227073795929,0.9991439442600893,0.6640893919987833,0.00751122812451603,0.05588965517241379
420,0.999943803930607,0.9335588775242591,0.03350124819177071,0.1555099615399388,0.9991515863900757,0.6642425450122181,0.00758866346600588,0.05583448275862069
421,0.9999452975138466,0.9335257701200865,0.03338113106771552,0.1554924728473238,0.9991758226058327,0.6641994505782366,0.00743379278302617,0.05566896551724138
422,0.9999468844460389,0.9335377041843813,0.03329365663017313,0.15554334519974558,0.9992000557044843,0.6643313824645566,0.00727892210004646,0.05566896551724138
423,0.9999468844460389,0.933550793158124,0.03324322729024066,0.15557137321930892,0.9991995352858591,0.6643584309446349,0.00735635744153632,0.05550344827586207
424,0.9999480046334686,0.9335978075968981,0.03310644399876187,0.15549347528613341,0.9992172914872891,0.6644795894788239,0.00735635744153632,0.05572413793103449
425,0.9999498716125182,0.9335186722391048,0.03290926487418504,0.15562479135496587,0.9992433361232191,0.6641487713677575,0.00727892210004646,0.05583448275862069
426,0.999950618404138,0.9335327476980008,0.03275233864271259,0.155600881554691,0.9992576218557652,0.6642096173593058,0.00704661607557689,0.05588965517241379
427,0.999950805102043,0.9335480983694122,0.03268387899630491,0.1555664397427169,0.9992616856530016,0.6641646559267212,0.00712405141706675,0.05572413793103449
428,0.9999512718468054,0.9334646080405758,0.03254875807699231,0.15567058862587277,0.9992686003918141,0.6638195068735114,0.00704661607557689,0.05544827586206896
429,0.9999517385915678,0.9335335176376327,0.03245888827962589,0.1555920046396219,0.9992779389855593,0.6639977680618637,0.00704661607557689,0.05544827586206896
430,0.9999516452426154,0.9335518277645043,0.0324373298929044,0.15559300906426685,0.9992769623982716,0.6641010037374859,0.00704661607557689,0.05555862068965517
431,0.9999529521279501,0.9335683092847501,0.03235857612115148,0.15557697423326178,0.999295825784637,0.664116551509503,0.00696918073408704,0.05550344827586207
432,0.9999536989195699,0.9336342834869603,0.03215318006470796,0.15564099589427757,0.999308889987606,0.6640964228909387,0.00681431005110733,0.05550344827586207
433,0.9999550058049046,0.9335943909897815,0.03199000559862061,0.15570124836204463,0.999326651508742,0.6639670053497329,0.00681431005110733,0.05533793103448276
434,0.9999557525965245,0.9335687423757931,0.03176999729592836,0.15572350061546003,0.9993380931628708,0.663797072870146,0.00665943936812761,0.05539310344827586
435,0.999955659247572,0.9336041114776344,0.03170063300146561,0.1557262623265856,0.9993375651188929,0.6638093875964278,0.00665943936812761,0.05517241379310345
436,0.999955099153857,0.9335805080157934,0.03162437777230359,0.15575998106023284,0.9993304037148967,0.6637688840901605,0.00673687470961747,0.05517241379310345
437,0.9999589264609088,0.9336121477225426,0.03148500155726706,0.15567164690066412,0.9993936474509052,0.6639108602564003,0.00658200402663776,0.05495172413793104
438,0.9999594865546236,0.9335781741362841,0.03142015819075653,0.1556983715320215,0.9994008585950676,0.6637731165953845,0.00665943936812761,0.05500689655172414
439,0.999959953299386,0.9335824569254867,0.03133371897080285,0.15580139503053464,0.999410430843476,0.6636798366361746,0.00665943936812761,0.05495172413793104
440,0.9999620069763406,0.9335731695286766,0.03117379111547352,0.15575819918818062,0.9994442693701092,0.6636560998760137,0.00658200402663776,0.05489655172413793
441,0.9999635005595803,0.9335810373492903,0.03111153436791267,0.15579677754470264,0.9994659752368954,0.663517714046771,0.00673687470961747,0.05500689655172414
442,0.9999645273980575,0.9335839968047506,0.03092214777449216,0.15594360829452536,0.9994821794234303,0.663365809056016,0.00665943936812761,0.05484137931034483
443,0.9999642473512002,0.9334759165289197,0.03080034224793679,0.1561524295727477,0.9994779756530358,0.663041444288095,0.0065045686851479,0.05495172413793104
444,0.9999645273980575,0.9334293111205749,0.0306536190951474,0.15614047442640336,0.999480314701887,0.6630985041331166,0.00642713334365805,0.05489655172413793
445,0.9999642473512002,0.9334598680997168,0.0306110518438728,0.15613947454684743,0.9994758061538291,0.6631188798703895,0.00634969800216819,0.05489655172413793
446,0.9999650874917725,0.9333646602521071,0.03048173610221917,0.1563453048435429,0.9994885425015609,0.6626532127438427,0.00642713334365805,0.05462068965517242
447,0.9999649007938675,0.9333790484989787,0.0304093819118426,0.15644364873152722,0.9994836520046713,0.6628579547183056,0.0065045686851479,0.05495172413793104
448,0.9999644340491051,0.9333521727937019,0.03035122346685971,0.1564683143381469,0.9994760290377953,0.6627736372410903,0.0065045686851479,0.05484137931034483
449,0.9999670478197745,0.9333727927394693,0.03024297433561818,0.15643993626695346,0.9995123274730162,0.6628921799383294,0.0065045686851479,0.05489655172413793
450,0.9999681680072043,0.9333806846206965,0.03013120458413075,0.1564761642663116,0.9995287566721663,0.662802037120664,0.00642713334365805,0.05478620689655173
451,0.9999689147988241,0.9334152597222924,0.03001310023750295,0.15641730288138556,0.9995411655845718,0.6628773410166297,0.00642713334365805,0.05484137931034483
452,0.9999707817778737,0.9333915840786108,0.02998447964802158,0.15648202989407703,0.9995706292967451,0.6629365883373015,0.0065045686851479,0.05473103448275862
453,0.9999713418715886,0.9334031091124761,0.02994857519130631,0.15642739405127207,0.9995791484028909,0.6630504268559387,0.00634969800216819,0.05478620689655173
454,0.9999726487569234,0.9333801071659725,0.02990664234322641,0.15648929822151533,0.999600979080572,0.6628800650990272,0.00627226266067833,0.05473103448275862
455,0.9999725554079708,0.9333768589831504,0.02986714940649431,0.15647141376348472,0.999599714562994,0.6629505169654595,0.00627226266067833,0.05478620689655173
456,0.999972182012161,0.9333108366597131,0.02980883826755287,0.1565772153840602,0.9995952650674848,0.6628103632952919,0.00627226266067833,0.05495172413793104
457,0.9999734888974957,0.9333406477598366,0.02968044345919786,0.15653281523984153,0.9996146554010575,0.6629599382889046,0.00619482731918848,0.05489655172413793
458,0.9999732088506382,0.9334036384459731,0.02957376938575313,0.15641392499141651,0.999610674776947,0.6633334335618422,0.00627226266067833,0.05467586206896552
459,0.9999732088506382,0.9334194462690409,0.02954377376032746,0.1564654490445507,0.9996109028287897,0.6634048411581944,0.00627226266067833,0.05456551724137931
460,0.9999734888974957,0.933433569849164,0.02941769351613534,0.1564440901479851,0.9996152251725751,0.6633376386953983,0.00619482731918848,0.05451034482758621
461,0.9999733021995907,0.9334617207669561,0.0292824043150753,0.15640419522892843,0.9996120535754426,0.6634032763532374,0.00611739197769862,0.0544551724137931
462,0.9999749824807354,0.9334854445318647,0.02913163383847218,0.15650357731886633,0.9996390730894511,0.6634098853465547,0.00596252129471891,0.05451034482758621
463,0.99997703615769,0.9334590259782444,0.02903305938813125,0.1566162683253968,0.999671622785871,0.6634670801046852,0.00596252129471891,0.0544551724137931
464,0.9999774095534998,0.9335064735080615,0.02897431999139391,0.1565431487293036,0.9996765435067148,0.6637456107972467,0.00603995663620877,0.0544
465,0.9999792765325495,0.9335339266680622,0.02886255501983971,0.15651211420497096,0.9997038767567137,0.6637750637553448,0.00588508595322905,0.05423448275862069
466,0.9999794632304544,0.9334765180442571,0.02879020686542064,0.1565634334088403,0.999706603130255,0.6636672963788288,0.00596252129471891,0.05417931034482758
467,0.9999799299752168,0.9334691314359134,0.02873344857155139,0.15661030490865063,0.9997128210208464,0.6637522555590396,0.00596252129471891,0.0544
468,0.9999803033710267,0.9334764699230301,0.02865945447412243,0.15659597265891353,0.9997186084220976,0.6637097652509392,0.00588508595322905,0.0544551724137931
469,0.9999808634647416,0.9334647283436434,0.02855142776722765,0.15675440724689374,0.9997264422042723,0.6635255797231713,0.00588508595322905,0.0544
470,0.9999819836521714,0.9335053185986136,0.0285063432467539,0.15683345002134197,0.999743629851835,0.6634983752479962,0.00588508595322905,0.0544
471,0.9999818903032188,0.9335582519483082,0.0284456455866463,0.15692592504225228,0.9997425526297407,0.6634660888428235,0.00588508595322905,0.05428965517241379
472,0.9999824503969338,0.9335641467986151,0.02837558268093647,0.15693023151408425,0.9997505257038773,0.6636439919603897,0.00596252129471891,0.0544
473,0.9999831038396011,0.9335569767357929,0.02832476389490455,0.15695452905281568,0.9997597176331833,0.6637677913908963,0.00588508595322905,0.05428965517241379
474,0.9999843173759834,0.9335612354643819,0.0281576941833987,0.15690898231005937,0.999777711353297,0.6635969028490626,0.0058076506117392,0.0544
475,0.9999847841207458,0.9335389072150562,0.02802918424738251,0.15689530470048452,0.9997842639158807,0.6635578304195945,0.00603995663620877,0.05412413793103448
476,0.9999839439801734,0.9335304860003321,0.02796283493419707,0.15697434959883516,0.9997711316579104,0.6634785138779844,0.00603995663620877,0.05423448275862069
477,0.999983850631221,0.9335097216908836,0.02785754609200155,0.15710905755918064,0.9997699919632204,0.6631855255670371,0.00603995663620877,0.05412413793103448
478,0.999983850631221,0.9334880911993494,0.02782598390047114,0.15717379768364245,0.9997697429866559,0.663219780391932,0.00596252129471891,0.05417931034482758
479,0.9999843173759834,0.9334679284052385,0.02772808308885191,0.1572103877710245,0.9997767125391471,0.6631444792554871,0.0058076506117392,0.05423448275862069
480,0.999983850631221,0.9334487761568945,0.02772693622886687,0.15720025521396438,0.9997691768908129,0.6632953687546234,0.0058076506117392,0.05417931034482758
481,0.9999847841207458,0.9334494498540724,0.02761950062747265,0.1572382268034821,0.999783305941933,0.663095401566097,0.0058076506117392,0.05423448275862069
482,0.9999862777039854,0.9334598440391033,0.02750050010987471,0.15719953885769777,0.9998058574433727,0.6630396504474707,0.00573021527024934,0.05423448275862069
483,0.9999871178445577,0.9334698532543183,0.02741167639188279,0.15720575362024106,0.9998188305296253,0.6633706588077528,0.00565277992875949,0.05423448275862069
484,0.9999869311466528,0.9334545025829069,0.02737761803994052,0.15724546036167203,0.9998155636680746,0.6633322750239045,0.00573021527024934,0.0544551724137931
485,0.9999874912403677,0.9334899198059752,0.02729529041834299,0.15718790183762718,0.9998235013032776,0.663362799235303,0.00557534458726963,0.05434482758620689
486,0.9999887981257024,0.9334706231939502,0.02722995986130764,0.15722326275618098,0.999842538139929,0.6633265325841259,0.00565277992875949,0.05451034482758621
487,0.9999894515683697,0.9333707716479355,0.02717349112929145,0.15738823633786472,0.9998520803858784,0.6629858179732241,0.00573021527024934,0.05456551724137931
488,0.9999898249641797,0.9333931239578747,0.02705972983512198,0.15739996420574642,0.9998578667315933,0.6630705104418938,0.00549790924577977,0.0544
489,0.9999901983599896,0.9333971420803288,0.02692088386863222,0.15739438509495815,0.9998630622206639,0.663273099500386,0.00542047390428992,0.05428965517241379
490,0.9999911318495144,0.9333016936265841,0.0268166657241032,0.15763352919600476,0.9998767755383657,0.6629213705302134,0.00534303856280006,0.05451034482758621
491,0.9999917852921818,0.9333255376945602,0.02670383818848812,0.15750601784223914,0.9998858503152283,0.6632060058284609,0.00534303856280006,0.0544
492,0.9999916919432292,0.9332956062913692,0.02663308918320703,0.15755045634038448,0.9998843903464895,0.6633059297582872,0.00526560322131021,0.0544551724137931
493,0.9999916919432292,0.9332369465156622,0.02652567541912642,0.15753644064448102,0.9998842901705302,0.6633365867922388,0.00518816787982035,0.0544551724137931
494,0.999992625432754,0.933287618167688,0.02644324089004651,0.15745515992767803,0.9998980734663071,0.6633499935129553,0.00526560322131021,0.05451034482758621
495,0.999992998828564,0.9332764299824117,0.02640640718997321,0.15746173375658704,0.9999034499290711,0.6633395378091081,0.00534303856280006,0.0544551724137931
496,0.9999932788754214,0.9332599244015524,0.02629557894366075,0.1574410769709234,0.9999072210998428,0.6634560626400963,0.00503329719684064,0.05456551724137931
497,0.9999937456201838,0.9332529949448651,0.02627473912972832,0.157563824858961,0.999913836528906,0.6632896243541382,0.00518816787982035,0.05456551724137931
498,0.9999933722243739,0.9332029488687903,0.02617572256219005,0.15778091853707576,0.9999086225388346,0.6630994264570002,0.00511073253833049,0.05473103448275862
499,0.9999932788754214,0.9332403631227789,0.0261635317772009,0.157836170560403,0.9999073734498125,0.6630757096723867,0.00511073253833049,0.05456551724137931
500,0.9999935589222789,0.9332435391237606,0.02605778278183533,0.1578366392971657,0.9999112253935468,0.6631396186570073,0.00511073253833049,0.05434482758620689
501,0.9999932788754214,0.9332735186481785,0.02602123379214889,0.15792187175057712,0.9999072840360455,0.6630973208950779,0.00503329719684064,0.05434482758620689
502,0.9999939323180888,0.9332718825264606,0.02596076285090596,0.15792169671679343,0.9999162625899455,0.6629693173651061,0.00495586185535078,0.05406896551724138
503,0.9999937456201838,0.9332411330624109,0.0259078079716295,0.15808782291125106,0.999913505996506,0.66279705994807,0.00487842651386093,0.05417931034482758
504,0.9999936522712314,0.9332628597963991,0.02590583839186153,0.15809407135869483,0.999912333892736,0.6628029772715124,0.00487842651386093,0.05423448275862069
505,0.9999939323180888,0.9332874256827801,0.02583634478445239,0.15807994275825754,0.9999162625899455,0.6627376725940269,0.00487842651386093,0.05434482758620689
506,0.9999947724586611,0.9331987863826552,0.02573807333979999,0.15815412772989917,0.9999281598296174,0.6627431647576227,0.00472355583088121,0.05417931034482758
507,0.9999946791097086,0.9331312723011811,0.02565373548022528,0.15834827511596541,0.9999269107405953,0.6624830411698799,0.00480099117237107,0.05412413793103448
508,0.999995332552376,0.9331453236994637,0.02559233969358605,0.15834124780033385,0.9999361902509841,0.6624009435030642,0.00480099117237107,0.05428965517241379
509,0.999995332552376,0.9331453236994637,0.0256437837434538,0.1583766644069242,0.9999361902509841,0.6624009435030642,0.00495586185535078,0.05434482758620689
510,0.9999954259013285,0.9331558622481756,0.0255829812680425,0.15833709724954434,0.9999373947730914,0.6624776822156047,0.00480099117237107,0.05428965517241379
511,0.999995519250281,0.933156704369648,0.02554795016191023,0.15833518004513616,0.9999387066779231,0.6625330660554578,0.00495586185535078,0.05417931034482758
512,0.9999957059481859,0.9331454680631447,0.02541578222111175,0.1583417615552555,0.9999412118677738,0.6624545154237573,0.00472355583088121,0.05401379310344828
513,0.9999957992971384,0.9332221732989747,0.02530888692821961,0.1583555728776669,0.9999424637558755,0.6623451913119863,0.00472355583088121,0.05379310344827586
514,0.9999957992971384,0.9332221732989747,0.02534058701719229,0.15837738475130292,0.9999424637558755,0.6623451913119861,0.00480099117237107,0.05379310344827586
515,0.9999961726929483,0.9332256139667049,0.02526346726161542,0.1583570389185551,0.999947696093817,0.6622867032916643,0.00472355583088121,0.05390344827586207
516,0.9999957992971384,0.933268514040571,0.02518885830918883,0.15832564822163084,0.9999424637558755,0.6623953306561049,0.00472355583088121,0.05390344827586207
517,0.9999961726929483,0.9332680809495281,0.02512987667270474,0.15835979263677535,0.9999477371998995,0.6622311343252056,0.00472355583088121,0.05379310344827586
518,0.9999967327866632,0.9333303498172596,0.02502747372004354,0.15832740075288027,0.9999554991457977,0.6622609306977625,0.00464612048939136,0.05390344827586207
519,0.9999967327866632,0.9333310716356645,0.02502848924693714,0.1583354495181705,0.9999554991457977,0.6623174383090445,0.00464612048939136,0.05384827586206897
520,0.9999967327866632,0.9332724118599576,0.02495098058723107,0.15847950098254715,0.9999554500991811,0.6623951982892943,0.00464612048939136,0.05373793103448276
521,0.9999966394377107,0.9333053749004492,0.02488697835629642,0.15846630128440709,0.9999542023987377,0.6625137657390039,0.00472355583088121,0.05357241379310345
522,0.9999966394377107,0.9333434147303888,0.02480486406813818,0.15838712510427275,0.999954151852124,0.6626839338486828,0.0045686851479015,0.05368275862068966
523,0.9999967327866632,0.9332969777463386,0.02478548695601335,0.15844835158976053,0.9999554500991811,0.6626194567133141,0.0045686851479015,0.05373793103448276
524,0.9999965460887582,0.9333139886000813,0.02470979594083967,0.1584898795078653,0.9999528521015958,0.6626462892595213,0.0045686851479015,0.05351724137931035
525,0.9999965460887582,0.9333263798160325,0.02466607201371838,0.1585292232397072,0.9999528521015958,0.6626875870532479,0.00449124980641165,0.05379310344827586
526,0.9999968261356157,0.933355565340205,0.02463622055378499,0.15853435069620758,0.9999567468462411,0.6628567308313762,0.00449124980641165,0.05362758620689655
527,0.9999968261356157,0.933365670797874,0.02462050047497825,0.15847458066276382,0.9999567468462411,0.6629559712900669,0.00449124980641165,0.05357241379310345
528,0.9999975729272356,0.9333249121186092,0.02450261473939714,0.15860384449361464,0.9999670124740508,0.6628744860172932,0.00449124980641165,0.05390344827586207
529,0.9999975729272356,0.9332985657468295,0.02438078621217822,0.15862087639505745,0.9999670370616712,0.6627600880214425,0.00441381446492179,0.05373793103448276
530,0.9999975729272356,0.9333772198923528,0.02434820673169641,0.15858447914027313,0.9999670370616712,0.6630258569759622,0.00449124980641165,0.05357241379310345
531,0.9999977596251405,0.9333881915321077,0.02432035829527463,0.15857283651893392,0.9999695836881323,0.662985886523613,0.00449124980641165,0.05351724137931035
532,0.9999977596251405,0.933385400500942,0.02430420020682095,0.15856502081528975,0.9999695836881323,0.6629347238206377,0.00449124980641165,0.05340689655172414
533,0.9999979463230454,0.9333638903124752,0.02417783934287277,0.15861272521301395,0.9999721274284296,0.662672719239629,0.00441381446492179,0.05362758620689655
534,0.9999981330209504,0.9334080655988566,0.0241642895545273,0.1586001686584548,0.9999746898369756,0.6628463531218386,0.00441381446492179,0.05357241379310345
535,0.9999981330209504,0.9334295757873234,0.02409438287320852,0.15860461507097964,0.9999746898369756,0.6628557471505371,0.00441381446492179,0.05379310344827586
536,0.999998039671998,0.9334256298467098,0.02403100514263579,0.15867624042007364,0.9999734294981396,0.6627012764884632,0.00433637912343193,0.05384827586206897
537,0.9999978529740929,0.9334270253622927,0.02389374348224706,0.15870394046218247,0.9999708670895936,0.6626895347177671,0.00418150844045222,0.05379310344827586
538,0.9999983197188553,0.9334193740872004,0.02376947673515692,0.15877573030467965,0.9999771992553721,0.6627463940606584,0.00410407309896237,0.05368275862068966
539,0.9999985997657128,0.933335595031002,0.0237051570205367,0.15887486346924604,0.9999810319322521,0.6626010482107343,0.00418150844045222,0.05362758620689655
540,0.9999986931146653,0.9333510900660945,0.02369832765729009,0.15893421635860366,0.9999822852277606,0.662620122672879,0.00410407309896237,0.05368275862068966
541,0.9999985997657128,0.9333230353907563,0.02361889282775838,0.15885148877482344,0.9999810091225001,0.6627997134362587,0.00402663775747251,0.05373793103448276
542,0.9999984130678078,0.9333008996263387,0.02356734039300759,0.15896139396708012,0.9999784782691352,0.6626664949957329,0.00402663775747251,0.05379310344827586
543,0.9999984130678078,0.9332568687036382,0.02351860964954996,0.1590318714389439,0.9999784782691352,0.6625284130410883,0.00402663775747251,0.05362758620689655
544,0.9999985064167604,0.9332386548192205,0.02348759096436712,0.15901113958094104,0.9999797357836961,0.6624998335061941,0.00402663775747251,0.05384827586206897
545,0.9999985997657128,0.9332572296128406,0.02345201206572329,0.15900555289057194,0.9999810133415525,0.6625850208186901,0.00402663775747251,0.05368275862068966
546,0.9999985997657128,0.9332168318427784,0.02337213692178948,0.1590992797668403,0.9999810133415525,0.6624873830395658,0.00394920241598265,0.05362758620689655
547,0.9999985064167604,0.9332732299208165,0.02333263270814796,0.15912513724493815,0.9999797357836961,0.662432766290399,0.00402663775747251,0.05362758620689655
548,0.9999986931146653,0.9332344923330855,0.02331313942922206,0.15918484871752725,0.999982289446813,0.6623650585022708,0.0038717670744928,0.05351724137931035
549,0.9999988798125702,0.9332640868876875,0.02324222195832746,0.15915420127283927,0.9999848373127328,0.6624336820179691,0.0038717670744928,0.05324137931034482
550,0.9999988798125702,0.9332540776724725,0.02317024383264535,0.1592095519324729,0.9999848373127328,0.6626524610205619,0.00371689639151309,0.05335172413793104
551,0.9999989731615228,0.9332624026447426,0.02310953609950667,0.15914535885704315,0.9999861090799574,0.6627816116930371,0.00379433173300294,0.05340689655172414
552,0.9999989731615228,0.933278475134559,0.02302570756580116,0.15922890544853868,0.9999861090799574,0.662680322487311,0.00371689639151309,0.05357241379310345
553,0.9999989731615228,0.9333179104800814,0.02296672659359907,0.15923082491770274,0.9999861090799574,0.662775360318559,0.00371689639151309,0.05362758620689655
554,0.9999989731615228,0.9333487802471987,0.02293379573277754,0.15916613235539134,0.9999861090799574,0.6629085709611633,0.00363946105002323,0.05351724137931035
555,0.9999990665104752,0.9332690674346814,0.02289658245538244,0.15936944466193118,0.9999873794077169,0.6627759082414103,0.00371689639151309,0.05335172413793104
556,0.9999990665104752,0.9332792931954179,0.02284243260949132,0.1593955871610973,0.999987397805984,0.6628196827169143,0.00371689639151309,0.05340689655172414
557,0.9999990665104752,0.9332941867151728,0.02281543251951713,0.1593991442621178,0.999987397805984,0.6628604668162836,0.00371689639151309,0.05340689655172414
558,0.9999993465573327,0.9332716419203256,0.02269654393385357,0.15946460350055128,0.9999911958957531,0.6626288856837212,0.00363946105002323,0.05335172413793104
559,0.9999993465573327,0.9332941145333323,0.02264563065880656,0.1594369033761385,0.9999911958957531,0.6628302504221723,0.00356202570853337,0.05346206896551724
560,0.9999994399062851,0.9332769352552951,0.0225283697144023,0.1594731375667362,0.9999924590747898,0.6627820730059713,0.00356202570853337,0.05329655172413793
561,0.9999992532083801,0.9332822767114916,0.02252087722404111,0.15949235449754603,0.9999899312934157,0.6628079840026826,0.00356202570853337,0.05329655172413793
562,0.9999994399062851,0.9332637019178714,0.02246790621367305,0.15957398780562754,0.9999924590747898,0.6626923680099094,0.00340715502555366,0.05335172413793104
563,0.9999993465573327,0.9332614642808162,0.02237858084656758,0.15966054974306412,0.9999911958957531,0.6625056697251561,0.00332971968406381,0.05318620689655172
564,0.9999993465573327,0.933229680210386,0.0223640689266681,0.15973017986219462,0.9999911958957531,0.6623693883716777,0.00332971968406381,0.05318620689655172
565,0.9999995332552376,0.9332484474889141,0.02223411389027935,0.1598676132714435,0.9999937095680719,0.6622574140945873,0.00325228434257395,0.05324137931034482
566,0.9999995332552376,0.9332706554351723,0.02219928361049529,0.15982307683590444,0.9999937095680719,0.6622957707044523,0.00332971968406381,0.05324137931034482
567,0.9999994399062851,0.9332907701080562,0.02212661291100492,0.15983018713567917,0.9999924590747898,0.6622773500260445,0.00317484900108409,0.05329655172413793
568,0.9999994399062851,0.9332938979878109,0.02207452722151819,0.15993985549931836,0.9999924590747898,0.6623134289268591,0.00317484900108409,0.05318620689655172
569,0.9999994399062851,0.9332938979878109,0.0220925827494939,0.15995210113140598,0.9999924590747898,0.6623134289268591,0.00317484900108409,0.05318620689655172
570,0.9999996266041901,0.9333007793232712,0.02204692882733108,0.15999009596782482,0.9999949713270082,0.6622249782995165,0.00317484900108409,0.05324137931034482
571,0.9999997199531425,0.93329279119959,0.02194155086524677,0.1599615556649645,0.9999962246225167,0.6624365379267358,0.00309741365959424,0.05335172413793104
572,0.9999997199531425,0.9332909866535777,0.02187050997430916,0.1600887428890604,0.9999962246225167,0.6622724421918178,0.00309741365959424,0.05329655172413793
573,0.9999996266041901,0.9333292189684252,0.02184417667581371,0.16018285135366794,0.9999949628635804,0.6621662336019688,0.00309741365959424,0.05324137931034482
574,0.9999997199531425,0.9332676478584851,0.02174400951992223,0.16032471629827288,0.9999962246225167,0.6620761805796499,0.00317484900108409,0.05335172413793104
575,0.9999997199531425,0.9332740961029025,0.02167112666081135,0.16027413842429322,0.9999962246225167,0.6621738763711571,0.00309741365959424,0.05318620689655172
576,0.9999997199531425,0.933200133777011,0.02157565992696216,0.16036247067166434,0.9999962246225167,0.6620847486406478,0.00294254297661453,0.05313103448275862
577,0.9999997199531425,0.9332123084474407,0.02155141468470737,0.16036211606603143,0.9999962246225167,0.6620655060287604,0.00294254297661453,0.05313103448275862
578,0.9999997199531425,0.9332363209397113,0.02150163430454605,0.16041712807197678,0.9999962246225167,0.6621208524437501,0.00294254297661453,0.05318620689655172
579,0.9999997199531425,0.9332363209397113,0.0215144477454252,0.16042572664503663,0.9999962246225167,0.6621208524437501,0.00294254297661453,0.05318620689655172
580,0.9999998133020951,0.9332430819721041,0.02144053926375798,0.1603962911616993,0.9999974849645421,0.6621555099096171,0.00294254297661453,0.05313103448275862
581,0.9999998133020951,0.9332309794835149,0.02133052185365798,0.16041227496185498,0.9999974849645421,0.6621128686858445,0.00294254297661453,0.05302068965517241
582,0.9999998133020951,0.9332091805676861,0.02126600835735411,0.16042973800070975,0.9999974849645421,0.6621682992251245,0.00301997831810438,0.05302068965517241
583,0.9999997199531425,0.9332125009323488,0.02119338752137958,0.1604794006107372,0.9999962246225167,0.662230344538234,0.00286510763512467,0.05313103448275862
584,0.9999999066510475,0.9332078331733302,0.02113678627484575,0.16053394684764993,0.9999987410717068,0.6624037715815857,0.00301997831810438,0.05318620689655172
585,0.9999999066510475,0.9331967652911214,0.02106929757902746,0.16052670054508808,0.9999987410717068,0.6623906585252183,0.00294254297661453,0.05313103448275862
586,0.9999999066510475,0.9331595675826542,0.02097865662691041,0.16059751357256566,0.9999987410717068,0.6622522980876849,0.00294254297661453,0.0528
587,0.9999999066510475,0.9331555013389732,0.02092425445127958,0.16059861891182745,0.9999987410717068,0.6623274642580608,0.00286510763512467,0.0527448275862069
588,0.9999999066510475,0.9331539373990958,0.02093731503361059,0.16063591233422145,0.9999987410717068,0.6623136454152337,0.00286510763512467,0.0527448275862069
589,0.9999999066510475,0.9331013649586037,0.02087164701936884,0.16069534707131597,0.9999987410717068,0.6621835124822234,0.00278767229363481,0.05291034482758621
590,0.9999999066510475,0.9330902730157814,0.02081960588439415,0.1607473152992055,0.9999987410717068,0.6621486076280406,0.00271023695214496,0.0528551724137931
591,0.9999999066510475,0.9330917647738182,0.02081876723659553,0.16072196503897798,0.9999987410717068,0.6622139324401018,0.00271023695214496,0.0527448275862069
592,0.9999999066510475,0.9331166915694017,0.02075225045502547,0.160764452044828,0.9999987410717068,0.6621439760801154,0.00286510763512467,0.0528
593,0.9999999066510475,0.9331166915694017,0.02073929077736573,0.16075567476085875,0.9999987410717068,0.6621439760801153,0.00278767229363481,0.0528
594,0.9999999066510475,0.9331773243154154,0.02065724103753539,0.16080394989049554,0.9999987410717068,0.6620058426466449,0.00286510763512467,0.0527448275862069
595,0.9999999066510475,0.933171116677133,0.02064708953687782,0.1608104531130517,0.9999987410717068,0.6620312869460752,0.00286510763512467,0.05268965517241379
596,0.9999999066510475,0.9332181311159072,0.02056624903225341,0.16076005229412407,0.9999987410717068,0.6622797665612845,0.00271023695214496,0.05307586206896552
597,0.9999999066510475,0.9332110813561524,0.02053075132871009,0.16074783993643443,0.9999987410717068,0.6622204323621261,0.00278767229363481,0.05302068965517241
598,0.9999999066510475,0.9332433947600796,0.02043941585574597,0.16077775196408012,0.9999987410717068,0.6619370063792417,0.00286510763512467,0.05296551724137931
599,0.9999999066510475,0.9333027763541915,0.0204154572016713,0.1607990977143294,0.9999987410717068,0.6620260588620239,0.00278767229363481,0.05302068965517241
600,0.9999999066510475,0.933302752293578,0.02043737327183473,0.16081386884169213,0.9999987410717068,0.6620254675242885,0.00286510763512467,0.05296551724137931
601,0.9999999066510475,0.9332954859883017,0.02044698119310053,0.1608395084059212,0.9999987410717068,0.6619923366545613,0.00278767229363481,0.05291034482758621
602,0.9999999066510475,0.933268514040571,0.02040920769220592,0.16081110886254635,0.9999987410717068,0.6621398397168603,0.00271023695214496,0.05291034482758621
603,0.9999999066510475,0.933268514040571,0.02043290343101804,0.16082705515505338,0.9999987410717068,0.6621398397168603,0.00271023695214496,0.05291034482758621
604,0.9999999066510475,0.9332689711922275,0.02039967890953894,0.16084556266439332,0.9999987410717068,0.6620590903506043,0.00271023695214496,0.0528
605,0.9999999066510475,0.933297771746584,0.02035304273920739,0.16079711417432088,0.9999987410717068,0.6621059724035295,0.00278767229363481,0.0528
606,0.9999999066510475,0.933297771746584,0.02037039277607696,0.1608088735281224,0.9999987410717068,0.6621059724035295,0.00278767229363481,0.0528551724137931
607,0.9999999066510475,0.9332948844729643,0.02038934561717905,0.16081912410745688,0.9999987410717068,0.6621177377704389,0.00278767229363481,0.0528551724137931
608,0.9999999066510475,0.9332822285902646,0.02034633719136919,0.16083507994103113,0.9999987410717068,0.6619927102658131,0.0026328016106551,0.05296551724137931
609,0.9999999066510475,0.933277705194927,0.0203005560490989,0.1608108031402322,0.9999987410717068,0.6620542925295524,0.00255536626916525,0.05302068965517241
610,0.9999999066510475,0.9333322265451125,0.02020622532602674,0.16075719776556086,0.9999987410717068,0.6619488652083757,0.00255536626916525,0.05313103448275862
611,1.0,0.9333046530820442,0.02015296436222831,0.16079483275259504,1.0,0.6621307306987335,0.00247793092767539,0.05313103448275862
612,1.0,0.933326885088916,0.0201537481005049,0.16077785153706997,1.0,0.6621154331786909,0.00247793092767539,0.05313103448275862
613,1.0,0.9333034981725964,0.02008412963429404,0.16088072389540392,1.0,0.662229428216053,0.00240049558618553,0.05318620689655172
614,1.0,0.9332899039259703,0.02003042511611668,0.16096151938855233,1.0,0.6622253581926075,0.00232306024469568,0.05313103448275862
615,1.0,0.9332899039259703,0.02003965148681083,0.16096786860476459,1.0,0.6622253581926075,0.00232306024469568,0.05313103448275862
616,1.0,0.933317405207198,0.02000006686665171,0.1609971386088099,1.0,0.6622410845675639,0.00240049558618553,0.05307586206896552
617,1.0,0.9333400703051127,0.01998609626639775,0.1609680433878437,1.0,0.662375112334233,0.00240049558618553,0.05313103448275862
618,1.0,0.9333379048498979,0.02000822751178999,0.16098066814937073,1.0,0.6623846175416563,0.00240049558618553,0.05313103448275862
619,1.0,0.9333672106771378,0.01994901409811291,0.16098953585842551,1.0,0.6624892765132804,0.00240049558618553,0.05318620689655172
620,1.0,0.933390236684255,0.01992898214739916,0.16094904012651026,1.0,0.6626632987636746,0.00240049558618553,0.05329655172413793
621,1.0,0.9333693039505121,0.01992332950905754,0.16095283775287486,1.0,0.6626603888863141,0.00232306024469568,0.05318620689655172
622,1.0,0.9334111453573843,0.01981939756039269,0.1608758951921708,1.0,0.6626310516225593,0.00232306024469568,0.05307586206896552
623,1.0,0.9334038790521081,0.01983707117314589,0.16089036520158623,1.0,0.6626342580309416,0.00232306024469568,0.05307586206896552
624,1.0,0.9334038790521081,0.01985239649507817,0.16090087584011167,1.0,0.6626342580309413,0.00232306024469568,0.05313103448275862
625,1.0,0.933443386579471,0.01980563772405441,0.16088374977495076,1.0,0.6629052876364779,0.00232306024469568,0.05313103448275862
